OBJECTID,SITE_ID,PRIMARYSP,STATUS,LEASE_TYPE,LEASEHOLDE,CONTACT,LOCATION,WATERBODY,CITY,COUNTY,EXPIRATION,GlobalID,Acres,SHAPEarea,SHAPElen,created_user,created_date,last_edited_user,last_edited_date,decision_url
117,MED BP,American oysters,A,S,Up River Oyster Corporation,Barrett Lynde,North of Bradford Point,Meduncook River,Cushing,Knox,2026-02-05T05:00:00.000Z,{25A10764-137C-4D2E-BFCF-658E8AB96F38},0.1138348,460.673074141143,90.8671442898217,,,MEDMR,2019-09-10T20:56:55.000Z,https://www.maine.gov/dmr/aquaculture/leases/decisions/documents/FOFDecisionMEDBP.pdf
118,PRES MP,American oysters,T,S,"Horne, Eric and Valy Steverlynck",Eric Horne/Valy Steverlynck, ,Presumpscot River,Falmouth,Cumberland,2015-07-31T05:00:00.000Z,{7912FFF7-9D11-4B59-B1E6-266678A99C22},0.75078363,3038.31354326084,541.161181055052,,,MEDMR,2019-01-31T23:50:44.000Z,
4496,GMP MDI,Oysters/clams,T,E,"Porada, Joseph",Joseph Porada,Goose Marsh Pond,Blue Hill Bay,Mount Desert,Hancock,2013-03-31T05:00:00.000Z,{692F9484-C232-4B94-B508-B1441DBC6B5A},1.65585487,6701.00692097133,331.089716423607,,,MEDMR,2019-01-31T23:50:44.000Z,
111,DAM WP,American oysters,A,S,Glidden Point Oyster Company,Ryan McPherson,West of Prentiss Island,Damariscotta River,Bristol and S. Bristol,Lincoln,2023-05-24T05:00:00.000Z,{7487A6E1-2C52-4054-A20F-6ABB7727F2A8},2.1905097,8864.67823088103,844.70836399862,,,MEDMR,2019-09-10T20:56:55.000Z,https://www.maine.gov/dmr/aquaculture/leases/decisions/documents/FOFDecisionDAMWP.pdf
105,DAM NP,American oysters,A,S,"Peters, Eric",Eric Peters,North of Hall Pt.,Damariscotta River,Damariscotta,Lincoln,2025-07-04T05:00:00.000Z,{F7DCD8AB-9988-46D4-9E92-5D9AF6799742},2.55217148,10328.2715648031,475.63804060093,,,MEDMR,2019-09-10T20:56:55.000Z,https://www.maine.gov/dmr/aquaculture/leases/decisions/documents/FOFDecisionDAMNP.pdf
124,DAM UR,American oysters,T,S,Maine Sea Grant College Program,Dana Morse,Between Jacks Point and Little Point,Damariscotta River,Newcastle,Lincoln,2016-07-16T05:00:00.000Z,{5FC6A125-BD24-4BF7-9A83-E86F61496D42},0.3157824,1277.92603282282,154.474148320142,,,MEDMR,2019-01-31T23:50:44.000Z,
44,DAM HI,Oysters/clams/scallops,A,S,"Dodge Cove Marine Farm, LLC",Antonina Simmons,South of Hog Island,Damariscotta River,Damariscotta,Lincoln,2024-12-28T05:00:00.000Z,{E479BCA9-5E78-4AF3-A460-C2C14F4181D5},2.00491529,8113.60430355923,365.450585121207,,,MEDMR,2019-09-10T20:56:55.000Z,https://www.maine.gov/dmr/aquaculture/leases/decisions/documents/DecisionDAMHI.pdf
126,MILL OP,American oysters,T,S,"Anderson, James",James Anderson, ,Mill River,Harrington,Washington,2016-08-06T05:00:00.000Z,{D4E839B3-665E-4176-941A-99528EB08EB6},5.2322589,21174.2005411058,1123.89622750561,,,MEDMR,2019-01-31T23:50:44.000Z,
321,COB TW,Atlantic salmon,A,F,"Cooke Aquaculture USA, Inc.",Jennifer Robinson,Southeast of Treat Island,Cobscook Bay,Eastport,Washington,2027-05-20T05:00:00.000Z,{87F5DDE1-3D39-43E3-B0ED-1FD51735541F},14.98453807,60640.2741069087,985.028913932783,,,MEDMR,2019-09-10T20:56:55.000Z,https://www.maine.gov/dmr/aquaculture/leases/decisions/documents/ExecutedRenewalDecisionCOBTW.pdf
98,COB BS,Atlantic salmon,T,F,G.C. Inc.,Bill Groom,Southeast of Birch Point and northwest of Goose Islan,Cobscook Bay,Perry and Eastport,Washington,2010-04-02T05:00:00.000Z,{7EC4F2FB-34BC-4C27-ADF0-0ACFF3D46624},23.58840516,95458.8888978624,1239.93596945248,,,MEDMR,2019-01-31T23:50:44.000Z,
1926,SHE LE2,American oysters,E,S,"Maine Oyster, Inc.",Eric Horne/Valy Steverlynck,Lehman Island,Sheepscot River,Newcastle,Lincoln,2017-12-03T05:00:00.000Z,{11389B28-FFDB-46B2-8164-A51920BB4D22},1.08140078,4376.2736837677,461.205860575136,,,MEDMR,2019-09-10T01:07:47.000Z,
96,COB GS,Atlantic salmon,T,F,G.C. Inc.,Bill Groom,"Off the northeast side of Gove Point, Seward Neck",Cobscook Bay,Lubec,Washington,2010-04-02T05:00:00.000Z,{9E365EE7-189F-4295-BC0E-8D16A414991F},25.75462689,104225.277230204,1485.54713246119,,,MEDMR,2019-01-31T23:50:44.000Z,
113,COUS BP,American oysters,T,S,"Maine Oyster, Inc.",Eric Horne,Between Lambert and Browns Points,Cousins River,Freeport and Yarmouth,Cumberland,2013-11-24T05:00:00.000Z,{B6F6A00E-8086-45DE-A1DF-09FB7F95393B},1.14001711,4613.48554900263,827.820173900176,,,MEDMR,2019-01-31T23:50:44.000Z,
2562,BHB GC1,Quahogs,T,E,"Porada, Joseph",Joe Porada,Goose Cove,Blue Hill Bay,Trenton,Hancock,2011-04-30T05:00:00.000Z,{1F1B8934-F13D-447F-8549-0C906DA16957},1.97956131,8011.00041418745,379.777191253579,,,MEDMR,2019-01-31T23:50:44.000Z,
2563,BHB GC2,Quahogs,P,E,"Porada, Joseph",Joe Porada,Goose Cove,Blue Hill Bay,Trenton,Hancock,2011-04-30T05:00:00.000Z,{1D41881C-186C-4751-B477-C36101D7F8A3},1.98357402,8027.23924529302,380.693569961358,,,MEDMR,2019-09-10T20:56:55.000Z,
2564,BHB GC3,Quahogs,P,E,"Porada, Joseph",Joe Porada,Goose Cove,Blue Hill Bay,Trenton,Hancock,2011-04-30T05:00:00.000Z,{5A34678E-D1C2-46F6-9B7F-283002E72C15},1.99030364,8054.47306241127,380.332379694548,,,MEDMR,2019-09-10T20:56:55.000Z,
1610,OHP VH2,American oysters,T,S,"Weller, David and Melissa Berry",David Weller,Old Harbor Pond,Penobscot Bay,Vinalhaven,Knox,2017-06-12T05:00:00.000Z,{4C130F39-7228-4B31-82A1-58ADE8BDFF92},4.19716477,16985.3231897478,654.925895062065,,,MEDMR,2019-01-31T23:50:45.000Z,
1611,OHP VH2,American oysters,T,S,"Weller, David and Melissa Berry",David Weller,The Basin,Penobscot Bay,Vinalhaven,Knox,2017-06-12T05:00:00.000Z,{0652B4C4-E8A7-47FB-BEFE-E3559BE8BF08},2.55322977,10332.5543092499,479.187595498956,,,MEDMR,2019-01-31T23:50:45.000Z,
322,COB FH,Green sea urchins,T,S,Federal Harbor Farms,Hank Stence,"Between Hog and Long Islands, South Bay",Cobscook Bay,Lubec,Washington,2015-04-05T05:00:00.000Z,{1466C094-D6DF-491D-85D2-8B910DCFB52B},9.05075963,36627.1247279067,1505.87785031471,,,MEDMR,2019-01-31T23:50:45.000Z,
2567,MACH CW2,Atlantic salmon,P,F,"Cooke Aquaculture USA, Inc.",Jennifer Robinson,West of Cutler Peninsula,Machias Bay,Cutler,Washington,2018-06-11T05:00:00.000Z,{A1B9E8FD-BA5B-44E0-A1F2-30D178730BC1},34.47973731,139534.546392437,1676.80607892676,,,MEDMR,2019-09-10T20:56:55.000Z,https://www.maine.gov/dmr/aquaculture/leases/decisions/documents/phoenixcutlerwest2008.pdf
109,DAM WP,American oysters,A,S,Glidden Point Oyster Company,Ryan McPherson,West of Prentiss Island,Damariscotta River,Bristol and S. Bristol,Lincoln,2023-05-24T05:00:00.000Z,{F1BB3056-3279-4421-BD8D-661CEB6B9D8D},3.93320928,15917.1332381339,935.453728145895,,,MEDMR,2019-09-10T20:56:55.000Z,https://www.maine.gov/dmr/aquaculture/leases/decisions/documents/FOFDecisionDAMWP.pdf
2245,JOHN NB,American oysters,T,E,"Cheney, David P.",David Cheney,North Branch,Johns River,South Bristol,Lincoln,2011-02-28T05:00:00.000Z,{6674F220-0C09-4345-BF11-39B361126247},1.96084588,7935.26173588087,530.182805888497,,,MEDMR,2019-02-15T23:38:51.000Z,
21,DAM GL2,American oysters,A,S,Pemaquid Oyster Company Inc.,Christopher Davis,West of Goose Ledges,Damariscotta River,Newcastle,Lincoln,2023-02-18T05:00:00.000Z,{5F343C1E-388C-4FB1-BCD4-A5929223EDCD},0.91867361,3717.74019768579,353.646534500738,,,MEDMR,2019-09-10T20:56:55.000Z,https://www.maine.gov/dmr/aquaculture/leases/decisions/documents/2014FOFRenewalDecisionDAMGL2.pdf
2568,PINK PS2,American oysters,A,S,Petit Manan Seafood,Charles Wallace,Pinkham Stream,Pinkham Bay,Steuben,Washington,2027-12-03T05:00:00.000Z,{2C4C0B03-C0C5-4410-970B-D0DB554319AD},2.09787941,8489.81675955291,752.851421021618,,,MEDMR,2019-09-10T20:56:55.000Z,https://www.maine.gov/dmr/aquaculture/leases/decisions/documents/charleswallacesteuben2007.pdf
2251,DAM CC2,Marine algae,A,W,Damariscove Seafood LLC.,Peter Fischer,Clarks Cove,Damariscotta River,South Bristol,Lincoln,2021-05-20T05:00:00.000Z,{E4E8F80B-EC01-4459-B7C2-2833FB871B98},11.9920697,48530.1842771517,958.235082010132,,,MEDMR,2019-09-10T20:56:55.000Z,
2570,PINK PS2,American oysters,A,S,Petit Manan Seafood,Charles Wallace,Pinkham Stream,Pinkham Bay,Steuben,Washington,2027-12-03T05:00:00.000Z,{3BD9DB7B-BED0-47F4-B3CA-16DEED2E82DF},0.05795833,234.549053401746,75.793598533222,,,MEDMR,2019-09-10T20:56:55.000Z,https://www.maine.gov/dmr/aquaculture/leases/decisions/documents/charleswallacesteuben2007.pdf
108,BHB TI,Blue mussels,T,S,Maine Cultured Mussels Inc.,Susan Swanson,East of Tinker Island,Blue Hill Bay,Tremont,Hancock,2015-07-25T05:00:00.000Z,{CA5FE1B4-C291-4338-9774-A95B79A0E662},53.46618453,216369.972227972,1889.13497048232,,,MEDMR,2019-02-15T23:35:52.000Z,
55,DAM PP,American oysters,T,S,"Mook Sea Farm, Inc.",William Mook,North of Perkins Point,Damariscotta River,Newcastle,Lincoln,2020-07-19T05:00:00.000Z,{1088E3F3-A396-43E3-BD6A-86A2D4E20EC8},24.00831758,97158.2141734193,1718.67676351522,,,MEDMR,2019-01-31T23:50:45.000Z,
4183,DAM DL2,American oysters,A,S,"Glidden Point Oyster Company, Inc.",Ryan McPherson,Dodge Lower Cove,Damariscotta River,Edgecomb,Lincoln,2019-11-08T05:00:00.000Z,{7377D0D5-218E-419D-8834-9198E6314875},7.98492162,32313.8313284757,1005.67708830333,,,MEDMR,2019-09-10T20:56:55.000Z,https://www.maine.gov/dmr/aquaculture/leases/decisions/documents/gliddenptdamdl2decision2010.pdf
15,DAM NH2,American oysters,T,S,Sea Bounty Sea Farm,Peter Blanton,North of Wiley Point,Damariscotta River,Walpole,Lincoln,2014-01-28T05:00:00.000Z,{57C9063E-E44B-4790-B7A8-5C8C5BA3294D},0.92182363,3730.48788897149,304.985914622863,,,MEDMR,2019-01-31T23:50:45.000Z,
13,DAM GS2,Oysters/quahogs,A,S,"Muscongus Bay Aquaculture, Inc.",Antonina Simmons,North of Route 1 Bridge,Damariscotta River,Damariscotta,Lincoln,2023-04-21T05:00:00.000Z,{ECF2E2AB-AF84-4D45-AE3E-F03F5B20F3FB},5.32001838,21529.3505411417,636.852080828495,,,MEDMR,2019-09-10T20:56:55.000Z,https://www.maine.gov/dmr/aquaculture/leases/decisions/documents/FOFDecisionDAMGS2.pdf
17,DAM SL2,American oysters,T,S,Pemaquid Oyster Company Inc.,Christopher Davis,Schooner Landing Marina,Damariscotta River,Damariscotta,Lincoln,2013-02-20T05:00:00.000Z,{47936AEF-33F2-4D8A-9731-BFF7688CA5E5},0.02172995,87.9380056309333,53.13751104796,,,MEDMR,2019-01-31T23:50:45.000Z,
116,DAM SL,American oysters,A,S,"Dickinson, Christopher",Christopher Dickinson, ,Damariscotta River,Bristol and Damariscotta,Lincoln,2026-01-29T05:00:00.000Z,{3834230D-562B-4347-9D6D-CB9B940778AD},0.2266695,917.298936943163,132.725979109108,,,MEDMR,2019-09-10T20:56:55.000Z,https://www.maine.gov/dmr/aquaculture/leases/decisions/documents/DecisiononTransferDAMSL.pdf
34,DYER BP,Blue mussels,T,S,"Kief, Timothy",Ralph Jacobs,North of Birch Point,Dyer Bay,Steuben,Washington,2010-08-21T05:00:00.000Z,{180F9CC2-7A8A-4381-B5D4-63FA39C01185},20.98979759,84942.6971748085,1207.63165017829,,,MEDMR,2019-02-15T23:37:53.000Z,
94,COB SH,Atlantic salmon,T,F,Maine Salmon Inc.,Frank Ayres,Off Shackford Head,Cobscook Bay,Eastport,Washington,2009-01-05T05:00:00.000Z,{9FDCE4C0-37C7-4204-83F0-5D5AFC4E5288},8.21525623,33245.9624493814,1004.28841490553,,,MEDMR,2019-01-31T23:50:45.000Z,
2893,FREN BI,Blue mussels,P,S,"Acadia Aqua Farms, LLC.",Theo and Fiona de Koning,North of Bean Island,Frenchman Bay,Sorrento,Hancock,2019-01-12T05:00:00.000Z,{DC1F7302-7052-4911-BBAC-1A633F42E64D},32.23788175,130462.078784919,1589.53587137282,,,MEDMR,2019-09-10T20:56:55.000Z,https://www.maine.gov/dmr/aquaculture/leases/decisions/documents/frenbidecision09.pdf
3534,FREN PI4,Marine algae,P,W,"West, James",James West,Preble Island,Frenchman Bay,Sorrento,Hancock,2019-05-21T05:00:00.000Z,{9785E418-934F-4AF9-ACE8-4B3A42605B0F},35.62408139,144165.542564851,1552.24968011731,,,MEDMR,2019-09-10T20:56:55.000Z,https://www.maine.gov/dmr/aquaculture/leases/decisions/documents/greatbaydecision2009.pdf
56,CAS BA2,Blue mussels/oysters/scallops/clams/seaweed,A,S,"Wild Ocean Aquaculture, LLC.",Matthew Moretti,West of Bangs Island,Casco Bay,Chebeague Island,Cumberland,2023-09-25T05:00:00.000Z,{261FE4AB-62EC-41B2-92DA-7635B17DDD63},1.99044734,8055.05461524486,552.687624983354,,,MEDMR,2019-09-10T20:56:55.000Z,
78,SWAN TC,Atlantic salmon,T,F,Island Aquaculture Corp.,David Miller/Jennifer Robinson,Toothacker Cove,Toothacker Bay,Swans Island,Hancock,2009-06-04T05:00:00.000Z,{B011B925-7C55-479E-80E6-5FA6B57B062B},18.03614854,72989.7035624935,1146.20804408254,,,MEDMR,2019-01-31T23:50:45.000Z,
3215,TAUN HB3,American oysters,T,S,Taunton Bay Oyster Company Inc.,Michael Briggs,Southwest of Buckskin Island,Taunton Bay,Franklin,Hancock,2021-06-02T05:00:00.000Z,{FB55320D-A8C6-4A16-9863-7705E42B718D},1.26443345,5116.98062900811,372.610386844353,,,MEDMR,2019-01-31T23:50:45.000Z,
3212,TAUN HB3,American oysters,T,S,Taunton Bay Oyster Company Inc.,Michael Briggs,Buckskin Island,Hog Bay,Franklin,Hancock,2024-06-18T05:00:00.000Z,{BA2EA838-85A9-4B93-AED3-9574DF352E94},3.91977993,15862.7865725483,702.05479989042,,,MEDMR,2019-01-31T23:50:45.000Z,
66,CAS CF2,Blue mussels/Marine algae,A,S,"Wild Ocean Aquaculture, LLC.",Matthew Moretti,Southeast of Clapboard Island,Casco Bay,Falmouth,Cumberland,2023-09-25T05:00:00.000Z,{240D88E0-D9FE-4CAD-BE01-9B46BACCDBDE},1.68023705,6799.67810356894,430.307335750438,,,MEDMR,2019-09-10T20:56:55.000Z,https://www.maine.gov/dmr/aquaculture/leases/decisions/documents/FOFDecisionSignedforCASCF2.pdf
641,TAUN HB,American oysters,T,S,Taunton Bay Oyster Company Inc.,Michael Briggs,,Taunton and Hog Bays,Franklin,Hancock,2013-09-09T05:00:00.000Z,{5689460F-9627-49CC-ACAE-FC3B4D1B7094},1.57952597,6392.11482157383,324.072314771142,,,MEDMR,2019-01-31T23:50:45.000Z,
51,BHB SP,Blue mussels,P,S,"Tightrope Seafarms, LLC.",Evan Young,Blue Hill Salt Pond,Blue Hill Bay,Blue Hill,Hancock,2019-02-17T05:00:00.000Z,{E12F3C26-BE54-4521-815D-187EB042823C},0.92569927,3746.17203228493,244.85970657772,,,MEDMR,2019-09-10T20:56:55.000Z,https://www.maine.gov/dmr/aquaculture/leases/decisions/documents/bhbsprenewal2009.pdf
11,TAUN HB,American oysters,T,S,Taunton Bay Oyster Company Inc.,Michael Briggs, ,Taunton and Hog Bays,Franklin,Hancock,2013-09-09T05:00:00.000Z,{07F588E4-7CA0-49EB-91C3-AB4D5396B44B},1.22032683,4938.48747287251,325.297921563557,,,MEDMR,2019-01-31T23:50:45.000Z,
3216,TAUN HB3,American oysters,T,S,Taunton Bay Oyster Company Inc.,Michael Briggs,Southwest of Buckskin Island,Taunton Bay,Franklin,Hancock,2021-06-02T05:00:00.000Z,{8B239F6E-DCBB-49D6-AEEB-E091B2CA883F},2.95649992,11964.5306989889,463.403604348713,,,MEDMR,2019-01-31T23:50:45.000Z,
3221,TAUN HB2,American oysters,T,S,Taunton Bay Oyster Company Inc.,Michael Briggs,Burying Island,Taunton Bay,Franklin,Hancock,2019-03-04T05:00:00.000Z,{8FA3EFF2-191B-4858-B52F-B51B19DFB7A3},4.7571038,19251.3160477347,632.347322166432,,,MEDMR,2019-01-31T23:50:45.000Z,
52,BHB SP,Blue mussels,P,S,"Tightrope Seafarms, LLC.",Evan Young,Blue Hill Salt Pond,Blue Hill Bay,Blue Hill,Hancock,2019-02-17T05:00:00.000Z,{3CB02428-BC77-4199-8A29-1B8DC0B53F2F},12.53897698,50743.4395014408,1279.33225798682,,,MEDMR,2019-09-10T20:56:55.000Z,https://www.maine.gov/dmr/aquaculture/leases/decisions/documents/bhbsprenewal2009.pdf
53,BHB SP,Blue mussels,P,S,"Tightrope Seafarms, LLC.",Evan Young,Blue Hill Salt Pond,Blue Hill Bay,Blue Hill,Hancock,2019-02-17T05:00:00.000Z,{AC2F38EC-673F-4080-9A76-0F8A24E1D875},4.12491488,16692.9382620818,548.952393787766,,,MEDMR,2019-09-10T20:56:55.000Z,https://www.maine.gov/dmr/aquaculture/leases/decisions/documents/bhbsprenewal2009.pdf
4,FREN PI2,Blue mussels,T,S,"West, James",James West,South of Preble Island,Frenchman Bay,Sorrento,Hancock,2012-03-21T05:00:00.000Z,{7717928C-954A-423E-930E-263105ECB9F3},35.63832944,144223.202396279,1552.47033396858,,,MEDMR,2019-02-15T23:38:27.000Z,
125,PEN STH,Blue mussels,T,S,Downeast Aquaculture LLC.,Edward Hutchinson,"St. Helena Island, Merchant Row",Penobscot Bay,Stonington,Hancock,2016-03-15T05:00:00.000Z,{A455215D-4F54-48FD-BCA5-A06215AFCB52},3.75956762,15214.4303809115,815.419352851006,,,MEDMR,2019-02-15T23:41:02.000Z,
2566,FREN PI3,Atlantic cod,T,E,"Great Bay Aquaculture, LLC",George Nardi,South of Preble Island,Frenchman Bay,Sorrento,Hancock,2011-03-16T05:00:00.000Z,{F449E9CD-B0B1-40E7-BD9F-6ACF41C4DE17},1.84968635,7485.41509781084,2764.36632902139,,,MEDMR,2019-01-31T23:50:45.000Z,
3533,FREN PI2,Blue mussels,T,S,"West, James",James West,South of Preble Island,Frenchman Bay,Sorrento,Hancock,2012-03-21T05:00:00.000Z,{EA32E6D4-4528-4882-8E3C-243F5FB29CD9},35.63832944,144223.202396279,1552.47033396858,,,MEDMR,2019-02-15T23:38:30.000Z,
3218,TAUN HB2,American oysters,T,S,Taunton Bay Oyster Company Inc.,Michael Briggs,Burying Island,Taunton Bay,Franklin,Hancock,2019-03-04T05:00:00.000Z,{F97CB847-E42F-4B99-98DC-60A4412262F2},6.48268942,26234.5133160042,716.016636169055,,,MEDMR,2019-01-31T23:50:45.000Z,
3853,CAS LCI,Marine algae,T,E,"Aqua Farms, LLC.",Tollef Olson,South of Little Chebeague Island,Casco Bay,Long Island,Cumberland,2012-08-23T05:00:00.000Z,{8204ACFE-44E8-4323-96DE-1DDA589E2B3F},0.82468305,3337.37388069545,928.690367044576,,,MEDMR,2019-02-15T23:36:24.000Z,
120,PEN JI,Green sea urchins,T,E,Friendship International / Brad and Adam Sc,James Wadsworth,Between Lime and Job Islands,Penobscot Bay,Islesboro,Waldo,2009-03-30T05:00:00.000Z,{06073643-DFB9-4D88-891A-4385424E004F},2.0160019,8158.47023115487,377.961259896134,,,MEDMR,2019-01-31T23:50:45.000Z,
119,MED GI2,Blue mussels,T,E,"Farmer, Paul",Paul Farmer,West of Gay Island,Meduncook River,Cushing,Knox,2009-03-26T05:00:00.000Z,{E9DAA92A-D7C2-43FC-BA92-459B5FECE6EE},0.27924747,1130.07441425981,141.189847805777,,,MEDMR,2019-02-15T23:39:11.000Z,
30,DAM EL2,American oysters,T,S,Mook Sea Farms Inc.,William Mook,Little Point,Damariscotta River,Damariscotta and Newcastl,Lincoln,2018-03-03T05:00:00.000Z,{D9142886-C4B2-4D91-B08A-E23B9C330F97},3.60246094,14578.6421983543,630.177066872574,,,MEDMR,2019-01-31T23:50:45.000Z,
29,DAM EL2,American oysters,T,S,Mook Sea Farms Inc.,William Mook,Little Point,Damariscotta River,Damariscotta and Newcastl,Lincoln,2018-03-03T05:00:00.000Z,{07FD48FF-9A26-4E9C-A539-4D5755ECC148},4.38552312,17747.5824050777,1239.51067947361,,,MEDMR,2019-01-31T23:50:45.000Z,
88,LIT CH,Atlantic salmon,E,F,"Cates, Robert",Robert Cates, ,Little River,Cutler,Washington,2017-12-15T05:00:00.000Z,{7EC67F95-D7F8-4F41-8838-B8B539313343},6.36960516,25776.8775499529,776.281819937305,,,MEDMR,2019-01-31T23:50:45.000Z,
79,SWAN BI,Atlantic salmon,P,F,"Cooke Aquaculture USA, Inc.",Jennifer Robinson,Black Island, ,Frenchboro,Hancock,2019-03-14T05:00:00.000Z,{1052F35F-5EA8-4DB7-85B9-5178C57906C3},14.96914592,60577.9842844413,1157.84586074399,,,MEDMR,2019-09-10T20:56:55.000Z,https://www.maine.gov/dmr/aquaculture/leases/decisions/documents/swanbitransfer2011.pdf
121,PEN SI,Green sea urchins,T,E,Friendship International / Brad and Adam Sc,James Wadsworth,North of Sloop Island,Penobscot Bay,Deer Isle,Hancock,2009-03-30T05:00:00.000Z,{BE2518CB-791E-47FC-BAB9-43BFE04189E8},2.0182704,8167.65054170816,378.526059130864,,,MEDMR,2019-01-31T23:50:45.000Z,
43,DAM HI2,American oysters,A,S,"Dodge Cove Marine Farm, LLC",Antonina Simmons,South of Hog Island,Damariscotta River,Damariscotta,Lincoln,2022-05-16T05:00:00.000Z,{C401AC49-49E4-4F9A-81BF-3B48B3CD75B0},6.94860178,28119.9937561047,686.3362612424,,,MEDMR,2019-09-10T20:56:55.000Z,https://www.maine.gov/dmr/aquaculture/leases/decisions/documents/FOFDecisionDAMHI2.pdf
37,DAM JP,American oysters,A,S,Glidden Point Oyster Company,Ryan McPherson,South of Jacks Point,Damariscotta River,Newcastle,Lincoln,2023-03-28T05:00:00.000Z,{8E86BF05-E9FF-499E-B171-7908E28322FB},2.45683421,9942.45528378289,531.376120901788,,,MEDMR,2019-09-10T20:56:55.000Z,https://www.maine.gov/dmr/aquaculture/leases/decisions/documents/FOFandDecisionDAMJP.pdf
38,DAM DL,American oysters,T,S,Glidden Point Oyster Company,Barbara Scully,Dodge Lower Cove,Damariscotta River,Edgecomb,Lincoln,2010-03-01T05:00:00.000Z,{0DC1C6B9-7A88-4967-A54D-77ECAFED19F8},4.73310768,19154.207206303,569.719641530361,,,MEDMR,2019-01-31T23:50:45.000Z,
2572,DAM HI4,American oysters,T,E,"Norumbega Oyster, Inc.",Eric Peters,Southeast of Hog Island,Damariscotta River,Damariscotta,Lincoln,2011-09-15T05:00:00.000Z,{80E5BD0C-811F-4C57-92F5-79667219BFBE},1.90009991,7689.43153334169,378.681944308728,,,MEDMR,2019-01-31T23:50:45.000Z,
324,COB FH,Green sea urchins,T,S,Federal Harbor Farms,Hank Stence,"Between Hog and Long Islands, South Bay",Cobscook Bay,Lubec,Washington,2015-04-05T05:00:00.000Z,{6A16571F-AF0E-47A5-B84B-885AC0CC0928},5.37871674,21766.8943740045,1083.00858229958,,,MEDMR,2019-01-31T23:50:45.000Z,
323,COB FH,Green sea urchins,T,S,Federal Harbor Farms,Hank Stence,"Between Hog and Long Islands, South Bay",Cobscook Bay,Lubec,Washington,2015-04-05T05:00:00.000Z,{258F19CD-3B8C-4837-BFE7-2EB36CDB7B04},6.40203499,25908.1164086544,1219.0652077234,,,MEDMR,2019-01-31T23:50:45.000Z,
1,COB BC,Atlantic salmon,A,F,"Cooke Aquaculture USA, Inc.",Jennifer Robinson,Broad Cove,Cobscook Bay,Eastport,Washington,2026-12-11T05:00:00.000Z,{3DDA125A-BE01-48AA-B9BB-4F19E25E1ACA},44.95045931,181908.054929974,1815.94066515557,,,MEDMR,2019-09-10T20:56:55.000Z,https://www.maine.gov/dmr/aquaculture/leases/decisions/documents/FinalDecision.pdf
2,YORK YR,American oysters,T,S,York Harbor Oyster,Kevin Tacy, ,York River,York,York,2009-12-31T05:00:00.000Z,{A63CB38D-F7B6-472A-B29B-83F6122A14FA},3.99917865,16184.101802081,588.42816634414,,,MEDMR,2019-01-31T23:50:45.000Z,
3,EASTW MR,Blue mussels,T,S,"Wood, John",John D. Wood,Moosabec Reach, ,Beals,Washington,2010-05-25T05:00:00.000Z,{BCEF9BF2-CC38-44C4-B5FD-6D4CAE27274E},3.96567628,16048.522520699,508.951217758093,,,MEDMR,2019-02-15T23:38:21.000Z,
5,PEN LD2,American oysters,A,S,"DLW Enterprises, Inc.",Danny Weed,Long Cove,Penobscot Bay,Deer Isle,Hancock,2023-02-20T05:00:00.000Z,{64E628DC-1136-4757-BD86-D09D9B1C5AC7},0.61979396,2508.21717572242,238.933435509918,,,MEDMR,2019-09-10T20:56:55.000Z,https://www.maine.gov/dmr/aquaculture/leases/decisions/documents/EXECUTED2016DecisionPENLD2.pdf
6,PEN LD3,Oysters/mussels/seaweed/scallops,A,S,"Barrows, Abigail",Abigail Barrows,Long Cove,Penobscot Bay,Deer Isle,Hancock,2023-02-20T05:00:00.000Z,{BFA727FF-01B3-4CBB-9F07-D180836DA8D3},2.31697097,9376.44886907255,611.139437928555,,,MEDMR,2019-09-10T20:56:55.000Z,https://www.maine.gov/dmr/aquaculture/leases/decisions/documents/FOFDecisionExecuted.pdf
7,WES UR,American oysters,A,S,Weskeag River Shellfish Farms LLC.,Ralph Hamill, ,Weskeag River,South Thomaston,Knox,2020-10-04T05:00:00.000Z,{140BB3F2-1132-406F-8216-671F95DACF7D},6.03605829,24427.0612605999,1745.31710916001,,,MEDMR,2019-09-10T20:56:55.000Z,https://www.maine.gov/dmr/aquaculture/leases/decisions/documents/EXECUTEDDecisionWESUR.pdf
8,WES UR,American oysters,A,S,Weskeag River Shellfish Farms LLC.,Ralph Hamill, ,Weskeag River,South Thomaston,Knox,2020-10-04T05:00:00.000Z,{0FB97E4B-16E0-487F-BAD2-837144FE2021},1.15499268,4674.08956049625,737.840609475053,,,MEDMR,2019-09-10T20:56:55.000Z,https://www.maine.gov/dmr/aquaculture/leases/decisions/documents/EXECUTEDDecisionWESUR.pdf
9,LIT CW,American oysters,T,S,"Thompson, Paul",Paul Thompson,Cutler Harbor,Little River,Cutler,Washington,2008-04-03T05:00:00.000Z,{DD37B8A0-DE5A-4F03-90E3-A4FD1E99189C},9.07974808,36744.4368307218,1073.99409482513,,,MEDMR,2019-01-31T23:50:45.000Z,
54,FREN SB,Blue mussels,T,S,Shain Stanley,Babe Stanley,South of Bean Island,Frenchman Bay,Sorrento,Hancock,2014-05-04T05:00:00.000Z,{202D17D4-8E1F-4DBC-B980-C1AC672B0A2B},9.96159169,40313.1313226887,906.474634832176,,,MEDMR,2019-02-15T23:38:42.000Z,
2573,BHB TI,Blue mussels,T,S,Maine Cultured Mussels Inc.,Susan Swanson,East of Tinker Island,Blue Hill Bay,Tremont,Hancock,2015-07-25T05:00:00.000Z,{985555D6-C6B8-4B66-A85B-89AC9BDACCFF},12.03848885,48718.0359360529,882.886988852544,,,MEDMR,2019-02-15T23:35:53.000Z,
12,EAST OP,Blue mussels,A,S,"Moosabec Mussels, Inc.",Ralph Smith,Old Point,Jordan River,Lamoine,Hancock,2021-07-09T05:00:00.000Z,{6AD68AE6-6857-4521-B40A-26346FDB1CA6},89.70195401,363010.928697763,2674.69364929393,,,MEDMR,2019-09-10T20:56:55.000Z,https://www.maine.gov/dmr/aquaculture/leases/decisions/documents/EXECUTEDDecisionEASTOP.pdf
14,SHE SQW,American oysters,T,S,"Schweitzer, Daniel",Daniel Schweitzer,Squam Creek Salt Pond,Sheepscot River,Westport,Lincoln,2013-09-11T05:00:00.000Z,{10DFE651-107C-4F00-AD9F-832D47B63702},1.49055822,6032.07509825565,314.641299170591,,,MEDMR,2019-01-31T23:50:45.000Z,
16,STG US2,American oysters,T,S,Pemaquid Oyster Company Inc.,Christopher Davis, ,St. George River,Warren,Knox,2013-05-16T05:00:00.000Z,{CE0E6213-ECCB-409E-8F76-F72270231D2B},0.17029493,689.159145100875,189.835898321161,,,MEDMR,2019-01-31T23:50:45.000Z,
1602,BHB LI3,Blue mussels,T,S,Maine Cultured Mussels / Mussel Bound Farms,Erick Spencer Swanson,East of Long Island,Blue Hill Bay,Blue Hill,Hancock,2017-05-24T05:00:00.000Z,{8429AC82-BCB4-4CDF-B623-D209F5C59BB6},51.42913913,208126.341987389,1828.90250173463,,,MEDMR,2019-02-15T23:35:47.000Z,
1605,MACH CIN,Atlantic salmon,A,F,"Cooke Aquaculture USA, Inc.",Jennifer Robinson,Northwest side of Cross Island,Machias Bay,Cutler,Washington,2027-09-04T05:00:00.000Z,{643F5109-4C36-47B8-8ACA-84BD88CE9CC6},34.87654643,141140.37592316,1502.76750057193,,,MEDMR,2019-09-10T20:56:55.000Z,https://www.maine.gov/dmr/aquaculture/leases/decisions/documents/EXECUTEDdecisionMACHCIN.pdf
28,STG BPT3,American oysters,T,S,"Marshall Point Sea Farm, LLC",Weatherly Phillips,Bradford Point,St. George River,Cushing,Knox,2014-01-28T05:00:00.000Z,{16423327-C75E-4D85-92AB-576F385CF798},15.84381191,64117.6319928784,1522.46833926304,,,MEDMR,2019-01-31T23:50:45.000Z,
31,DAM EL,American oysters,T,S,Mook Sea Farms Inc.,William Mook,East of Little Point,Damariscotta River,Newcastle,Lincoln,2016-08-27T05:00:00.000Z,{7CE97A3D-B47F-4506-AC98-305CEAB38A48},4.81720952,19494.5553015812,832.006091967857,,,MEDMR,2019-01-31T23:50:45.000Z,
32,STG BC,American oysters,T,S,"McBean, Peter and Susan",Peter McBean,Broad Cove,St. George River,Cushing,Knox,2014-01-28T05:00:00.000Z,{29B278AD-35B5-474E-98F5-D2B5BD41AE77},4.98965945,20192.4353844775,569.779047972586,,,MEDMR,2019-01-31T23:50:45.000Z,
33,BAG SB,American oysters,A,S,"Leach, Jesse",Jesse Leach,West of Bear Head,Bagaduce River,Brooksville and Sedgwick,Hancock,2020-02-14T05:00:00.000Z,{9E172C7B-D1F6-4A7B-A9E8-69D54E4FFCFC},4.11733344,16662.2572858291,547.793330328557,,,MEDMR,2019-09-10T20:56:55.000Z,https://www.maine.gov/dmr/aquaculture/leases/decisions/documents/bagsbrenewal2009.pdf
36,PISC WI,Green sea urchins,T,S,"Hill, Chris",Chris Hill,Southeast of Wood Island,Portsmouth Harbor,Kittery,York,2011-05-28T05:00:00.000Z,{B82838AF-6D3A-49FF-9349-8F432D18516E},3.74871283,15170.5025771714,537.709539367262,,,MEDMR,2019-01-31T23:50:45.000Z,
39,FLAN WN,Blue mussels,A,S,"Acadia Aqua Farms, LLC.",Theo and Fiona de Koning,Waukeag Neck,Flanders Bay,Sorrento,Hancock,2027-09-15T05:00:00.000Z,{EE53E8A8-03F6-4371-A0EA-D792488AD0F6},14.3480873,58064.6492246047,947.746356282561,,,MEDMR,2019-09-10T20:56:55.000Z,https://www.maine.gov/dmr/aquaculture/leases/decisions/documents/AcadiaAqua-RenewalDecision-FLANWN.pdf
40,PEN SN3,Blue mussels,A,S,"Acadia Aqua Farms, LLC.",Theo and Fiona de Koning,"Mud Cove, Stinson Neck",Penobscot Bay,Deer Isle,Hancock,2025-05-27T05:00:00.000Z,{85B19757-3AEA-4A6B-943B-E5DF1DF244BC},14.99565213,60685.2511321803,1008.27851782334,,,MEDMR,2019-09-10T20:56:55.000Z,https://www.maine.gov/dmr/aquaculture/leases/decisions/documents/FOFDecisilonPENSN3.pdf
42,NMR NML,American oysters,A,S,"Dodge Cove Marine Farm, LLC",Antonina Simmons,New Meadows Lake,New Meadows River,Brunswick,Cumberland,2023-04-17T05:00:00.000Z,{AA9F5A3A-A4D0-4AD8-ABED-85E35204FF68},0.39061056,1580.74483801637,164.584686898326,,,MEDMR,2019-09-10T20:56:55.000Z,https://www.maine.gov/dmr/aquaculture/leases/decisions/documents/FOFDecisionNMRNML.pdf
45,DAM LW,American oysters/sea scallops/green sea urchins,T,S,Univ. of Maine Darling Marine Center,Dana Morse,Lowes Cove,Damariscotta River,Walpole,Lincoln,2012-08-01T05:00:00.000Z,{52CA39EA-F62A-4AF6-AEAA-6758870AE7D1},0.57645952,2332.84891917049,213.123707367013,,,MEDMR,2019-01-31T23:50:45.000Z,
46,SHE SQ2,American oysters,A,S,Westport Oyster Company,Andrew Johnson/Samuel Chapman,Squam Creek Salt Pond,Sheepscot River,Westport,Lincoln,2023-09-11T05:00:00.000Z,{DA849750-2E31-49C7-9C46-B7F27CE57244},0.56763183,2297.12452867118,246.790897006189,,,MEDMR,2019-09-10T20:56:55.000Z,https://www.maine.gov/dmr/aquaculture/leases/decisions/documents/FOFDecisionSHESQ2.pdf
47,COB EB,Sea scallops,T,S,Ocean Harvest,Larry Matthews,"Southeast of Leach Point, East Bay",Cobscook Bay,Perry,Washington,2008-03-27T05:00:00.000Z,{E0B512B4-575C-4836-8DC3-6D7D76D49302},4.90797447,19861.8680078178,565.736922459824,,,MEDMR,2019-02-15T23:36:47.000Z,
48,NMR MC,American oysters/quahogs,A,S,Winter Point Inc.,David Hennessey,Mill Cove,New Meadows River,West Bath,Sagadahoc,2021-10-21T05:00:00.000Z,{0A12C54B-196C-46B7-AAA8-63A822711E21},13.4625713,54481.0931462109,1243.46601037181,,,MEDMR,2019-09-10T20:56:55.000Z,https://www.maine.gov/dmr/aquaculture/leases/decisions/documents/EXECUTEDDecisionNMRMC.pdf
49,MAQ BR1,American oysters,A,S,"Horne, Christian",Christian Horne,Maquoit Bay,Casco Bay,Freeport,Cumberland,2025-06-30T05:00:00.000Z,{51FA4218-019C-4A40-955E-3E6726CB6A9D},5.17250565,20932.3877115451,622.530685982725,,,MEDMR,2019-09-10T20:56:55.000Z,https://www.maine.gov/dmr/aquaculture/leases/decisions/documents/FOFdecisionMAQBR1transfer6-19-14.pdf
50,PEN SN3,Blue mussels,A,S,"Acadia Aqua Farms, LLC.",Theo and Fiona de Koning,"Mud Cove, Stinson Neck",Penobscot Bay,Deer Isle,Hancock,2025-05-27T05:00:00.000Z,{9E8587C1-C1D0-46DA-9A5D-FFE599AE29A2},24.9147244,100826.312467655,1487.40674671603,,,MEDMR,2019-09-10T20:56:55.000Z,https://www.maine.gov/dmr/aquaculture/leases/decisions/documents/FOFDecisilonPENSN3.pdf
57,STG OC,American oysters,T,S,Port Clyde Oyster Company,Timothy Dowling,Otis Cove,St. George River,Tenants Harbor,Knox,2014-05-13T05:00:00.000Z,{C794BC7E-0A6F-4AE2-A3C0-6B335790DA83},1.61201328,6523.58629414742,331.53439240625,,,MEDMR,2019-01-31T23:50:45.000Z,
58,EAST OP2,Blue mussels,A,S,"Acadia Aqua Farms, LLC.",Theo and Fiona de Koning,Mount Desert Narrows,Eastern Bay,Lamoine,Hancock,2024-04-28T05:00:00.000Z,{DD3B0D79-634B-4357-B1CE-19D14C9C6550},31.59098686,127844.188050001,1768.96642016336,,,MEDMR,2019-09-10T20:56:55.000Z,https://www.maine.gov/dmr/aquaculture/leases/decisions/documents/eastop2transfer2009.pdf
59,PEN BB,Blue mussels,A,S,Bayside Mussel Farm,Joe Larrabee,Belfast Harbor,Penobscot Bay,Northport,Waldo,2024-06-01T05:00:00.000Z,{83C7D223-2D40-419B-82BE-2888C493788D},6.02891134,24398.138563457,655.495234198333,,,MEDMR,2019-09-10T20:56:55.000Z,https://www.maine.gov/dmr/aquaculture/leases/decisions/documents/2014FOFRenewalDecisionPENBB.pdf
60,WES BC,American oysters,A,S,"Tripp, Krista",Krista Tripp, ,Weskeag River,South Thomaston,Knox,2024-07-27T05:00:00.000Z,{7484C6EE-9408-4C5F-8A65-AFE23AF34FCC},0.27126046,1097.75212663276,254.682510586844,,,MEDMR,2019-09-10T20:56:55.000Z,https://www.maine.gov/dmr/aquaculture/leases/decisions/documents/Decision-TransferWESBC.pdf
61,WES BC,American oysters,A,S,"Tripp, Krista",Krista Tripp, ,Weskeag River,South Thomaston,Knox,2024-07-27T05:00:00.000Z,{B07C49C7-8C8C-46D5-A7E8-2891F3CE15B5},0.01604101,64.9156782879549,28.5977557710562,,,MEDMR,2019-09-10T20:56:55.000Z,https://www.maine.gov/dmr/aquaculture/leases/decisions/documents/Decision-TransferWESBC.pdf
62,WES BC,American oysters,A,S,"Tripp, Krista",Krista Tripp, ,Weskeag River,South Thomaston,Knox,2024-07-27T05:00:00.000Z,{F8B9B55E-2E8D-4FB4-BD2F-3D82D1E4935A},0.01603563,64.8938857329063,28.5929549514261,,,MEDMR,2019-09-10T20:56:55.000Z,https://www.maine.gov/dmr/aquaculture/leases/decisions/documents/Decision-TransferWESBC.pdf
63,WES BC,American oysters,A,S,"Tripp, Krista",Krista Tripp, ,Weskeag River,South Thomaston,Knox,2024-07-27T05:00:00.000Z,{03FBCE3A-4E51-48AC-A293-4950D2218872},0.33214667,1344.14986734489,244.925631895913,,,MEDMR,2019-09-10T20:56:55.000Z,https://www.maine.gov/dmr/aquaculture/leases/decisions/documents/Decision-TransferWESBC.pdf
64,WES BC,American oysters,A,S,"Tripp, Krista",Krista Tripp, ,Weskeag River,South Thomaston,Knox,2024-07-27T05:00:00.000Z,{A637B7A0-C715-44DB-9198-6D5DFAF091F0},0.33238142,1345.09988362519,166.156037166334,,,MEDMR,2019-09-10T20:56:55.000Z,https://www.maine.gov/dmr/aquaculture/leases/decisions/documents/Decision-TransferWESBC.pdf
65,MED GI,American oysters/sea scallops,A,S,Gay Island Oyster Farm,Jeffrey Metzmaker,West side of Gay Island,Meduncook River,Cushing,Knox,2024-08-25T05:00:00.000Z,{AE4FFAA4-A753-4288-A183-73A91C64758E},1.72582721,6984.17492973992,363.084863457145,,,MEDMR,2019-09-10T20:56:55.000Z,https://www.maine.gov/dmr/aquaculture/leases/decisions/documents/FOFDecisionMEDGItransfer.pdf
67,SHE LE,American oysters,A,S,"Maine Oyster, Inc.",Eric Horne/Valy Steverlynck,Between Cunningham and Lehman Island,Sheepscot River,Newcastle,Lincoln,2024-11-01T05:00:00.000Z,{E8D7730D-7077-4BA5-884C-3C32354A8088},2.97172602,12026.1485242485,686.858031269144,,,MEDMR,2019-09-10T20:56:55.000Z,https://www.maine.gov/dmr/aquaculture/leases/decisions/documents/FOFDecisionSHELE.pdf
68,MAQ BRW,American oysters,A,S,"Bradley, Edward and Christian Horne",Edward Bradley/Christian Horne,Maquoit Bay,Casco Bay,Freeport,Cumberland,2024-06-24T05:00:00.000Z,{5CB48461-BFF8-4803-915A-78F2C3FBA59D},4.95108837,20036.3437880421,603.024666990794,,,MEDMR,2019-09-10T20:56:55.000Z,
69,DAM CC,Bue mussels,T,S,"Damariscove Seafood, LLC",Peter Fischer,Clarks Cove,Damariscotta River,South Bristol,Lincoln,2014-12-01T05:00:00.000Z,{47791484-AD16-47CF-A51B-7C662775D989},1.00935336,4084.7081344922,326.658756192716,,,MEDMR,2019-02-15T23:37:07.000Z,
70,PINK PS,American oysters,T,E,Petit Manan Seafood,Charles Wallace,Pinkham Stream,Pinkham Bay,Steuben,Washington,2006-07-30T05:00:00.000Z,{B8104D00-050E-4FDE-95A0-CEB5B852745F},1.65917774,6714.4540984991,597.9224620557,,,MEDMR,2019-01-31T23:50:45.000Z,
71,PINK PS,American oysters,T,E,Petit Manan Seafood,Charles Wallace,Pinkham Stream,Pinkham Bay,Steuben,Washington,2006-07-30T05:00:00.000Z,{58CA31DF-D4CB-4B95-8EB0-F4FE764309C0},0.05805254,234.93028181948,74.1468877176544,,,MEDMR,2019-01-31T23:50:45.000Z,
72,OHP VH,American oysters,T,E,"Weller, David and Melissa Berry",David Weller and Melissa Berry, ,Old Harbor Pond,Vinalhaven,Knox,2006-07-07T05:00:00.000Z,{0CBEC836-11A9-4F1E-BFE1-BF5E5D9E041F},1.83550694,7428.0330608717,426.578929166294,,,MEDMR,2019-01-31T23:50:45.000Z,
73,BHB LI,Blue mussels,T,E,"Gray, Terry",Terry Gray,East of Long Island,Blue Hill Bay,Blue Hill,Hancock,2006-06-22T05:00:00.000Z,{03CE0B82-A705-47DE-AE65-B62D9FA23689},1.93848404,7844.76660124626,451.073085878341,,,MEDMR,2019-02-15T23:35:44.000Z,
74,DAM DP2,American oysters,T,E,"Wallace, Robert",Robert Wallace,Dodge Point,Damariscotta River,Newcastle,Lincoln,2007-06-15T05:00:00.000Z,{A3232C03-8118-44F3-A158-0ABA623C9344},1.99860644,8088.07332471616,359.734865249956,,,MEDMR,2019-01-31T23:50:45.000Z,
76,PIER SR,Rainbow trout,T,F,Pierce Associates Inc.,Sonny Pierce,"East side of Birch Point, next to Mason Station power",Sheepscot River,Wiscasset,Lincoln,2008-07-21T05:00:00.000Z,{783265C4-147F-4C56-BD3E-261A6BC742AB},3.23649126,13097.6154478351,475.323516872287,,,MEDMR,2019-02-15T23:39:45.000Z,
77,SWAN HS,Atlantic salmon,A,F,"Cooke Aquaculture USA, Inc.",Jennifer Robinson,"Scrag Island, South of Harbor Island",Toothacker Bay,Swans Island,Hancock,2024-06-14T05:00:00.000Z,{83327C36-8E6C-4FC8-A01C-E0476587EF40},15.60680641,63158.504734135,1377.43789446393,,,MEDMR,2019-09-10T20:56:55.000Z,https://www.maine.gov/dmr/aquaculture/leases/decisions/documents/FOFdecisionleaseSWANHS.pdf
80,EASTW SCN,Atlantic salmon,A,F,"Cooke Aquaculture USA, Inc.",Jennifer Robinson,"Sand Cove North, Great Wass Island",Eastern Bay,Beals,Washington,2027-07-22T05:00:00.000Z,{9BCFA95C-2B08-416D-9563-096FDA8F62EC},9.99321861,40441.1208930038,835.568106063738,,,MEDMR,2019-09-10T20:56:55.000Z,https://www.maine.gov/dmr/aquaculture/leases/decisions/documents/EXECUTEDdecisionEASTWSCN.pdf
81,EASTW SI,Atlantic salmon,A,F,"Cooke Aquaculture USA, Inc.",Jennifer Robinson,West of Spectacle Island,Eastern Bay,Beals,Washington,2023-09-30T05:00:00.000Z,{34AA19D6-27D9-4B3B-90A3-3555F116627C},9.92067873,40147.562423849,905.376234923876,,,MEDMR,2019-09-10T20:56:55.000Z,https://www.maine.gov/dmr/aquaculture/leases/decisions/documents/EASTWSIFOFDecisionSigned.pdf
82,MACH LI,Atlantic salmon,E,F,"Cooke Aquaculture USA, Inc.",Jennifer Robinson,Off the northern side of Libby Island,Machias Bay,Machiasport,Washington,2006-11-02T05:00:00.000Z,{1F6A485C-198B-45FE-A8D6-0DF9BE3594A8},20.0874201,81290.9050472974,1309.99034568863,,,MEDMR,2019-09-10T00:59:16.000Z,
83,MACH ST,Atlantic salmon,A,F,"Cooke Aquaculture USA, Inc.",Jennifer Robinson,Off the northwest corner of Stone Island,Machias Bay,Machiasport,Washington,2027-11-17T05:00:00.000Z,{5D6393D9-62FD-4B6B-8DBC-17F9797CD158},10.04085933,40633.9160563309,837.849345566185,,,MEDMR,2019-09-10T20:56:55.000Z,
84,MACH II,Atlantic salmon,A,F,"Cooke Aquaculture USA, Inc.",Jennifer Robinson,Northeast of Starboard Island,Machias Bay,Machiasport,Washington,2023-09-30T05:00:00.000Z,{CFAC0214-D6A3-496A-B801-743F00ACF2F4},39.95629444,161697.386753014,1813.69703925384,,,MEDMR,2019-09-10T20:56:55.000Z,https://www.maine.gov/dmr/aquaculture/leases/decisions/documents/MACHIIFOFdecisionSigned.pdf
85,MACH CI,Atlantic salmon,T,F,"Phoenix Salmon US., Inc.",David Miller/Jennifer Robinson,Northwest side of Cross Island,Machias Bay,Cutler,Washington,2017-09-01T05:00:00.000Z,{029F65E9-0028-44D2-8D60-E7961B5844A4},24.97133792,101055.419252092,1272.70024372767,,,MEDMR,2019-01-31T23:50:45.000Z,
86,MACH CI2,Atlantic salmon,T,F,"Atlantic Salmon of Maine, LLC.",David Miller/Jennifer Robinson,Northwest side of Cross Island,Machias Bay,Cutler,Washington,2007-01-07T05:00:00.000Z,{468B8C1F-21EF-4977-8AC4-C4B5F0F9F9E5},20.03442944,81076.4594637919,1139.00756675444,,,MEDMR,2019-01-31T23:50:45.000Z,
87,MACH CW,Atlantic salmon,T,F,Maine Coast Nordic,David Miller/Jennifer Robinson,West of Cutler Peninsula,Machias Bay,Cutler,Washington,2012-03-12T05:00:00.000Z,{F1814A55-FBAD-4CC2-8E5A-1FD2BB4A3CFD},9.93024985,40186.2953703941,907.018702405345,,,MEDMR,2019-01-31T23:50:45.000Z,
35,DAM PPN,American oysters,A,S,"Norumbega Oysters, Inc.",Eric Peters,Northeast of Perkins Point,Damariscotta River,Newcastle,Lincoln,2024-07-11T05:00:00.000Z,{0D5056F4-9AD5-4C5B-86D6-22AB65982D95},5.86380648,23729.9829266479,1006.72588113765,,,MEDMR,2019-09-10T20:56:55.000Z,https://www.maine.gov/dmr/aquaculture/leases/decisions/documents/FOFDecisionDAMPPN.pdf
89,LIT CN,Atlantic salmon,T,F,"Cates, Robert",Robert Cates, ,Little River,Cutler,Washington,2013-09-28T05:00:00.000Z,{32FC1F7D-4B58-4DA8-B60E-3BF328F2298E},6.88520698,27863.4440679704,792.364755777286,,,MEDMR,2019-01-31T23:50:45.000Z,
90,COB TE,Atlantic salmon,A,F,"Cooke Aquaculture USA, Inc.",Jennifer Robinson,"Southeast of Treat Island, Johnson Bay",Cobscook Bay,Eastport,Washington,2026-12-29T05:00:00.000Z,{99B88477-B093-4EF9-8179-5D934A8574EC},15.18741203,61461.2759144586,1016.70561082496,,,MEDMR,2019-09-10T20:56:55.000Z,https://www.maine.gov/dmr/aquaculture/leases/decisions/documents/Decision-Executed-COBTE.pdf
91,COB CC,Atlantic salmon,P,F,"Cooke Aquaculture USA, Inc.",Jennifer Robinson,Comstock Point,Cobscook Bay,Lubec,Washington,2017-12-15T05:00:00.000Z,{ACD4A939-3806-42B6-B44E-075ED28C2C71},5.1417252,20807.8236349493,585.18253999329,,,MEDMR,2019-09-10T20:56:55.000Z,https://www.maine.gov/dmr/aquaculture/leases/decisions/documents/cobcctransfer2011.pdf
92,COB CC,Atlantic salmon,P,F,"Cooke Aquaculture USA, Inc.",Jennifer Robinson,Comstock Point,Cobscook Bay,Lubec,Washington,2017-12-15T05:00:00.000Z,{A40798BD-37C4-4D2C-AB73-25C21AA336C6},10.28195849,41609.6097530424,926.487237552454,,,MEDMR,2019-09-10T20:56:55.000Z,https://www.maine.gov/dmr/aquaculture/leases/decisions/documents/cobcctransfer2011.pdf
93,COB PC,Atlantic salmon,A,F,"Cooke Aquaculture USA, Inc.",Jennifer Robinson,Prince Cove,Cobscook Bay,Eastport,Washington,2027-11-17T05:00:00.000Z,{CF20A481-9423-4324-973D-F3953C0FD4FC},26.49166683,107207.972054305,1462.29616065532,,,MEDMR,2019-09-10T20:56:55.000Z,https://www.maine.gov/dmr/aquaculture/leases/decisions/documents/FINALEXECUTEDDecisionCOBPC6-27-17.pdf
1281,DAM GL3,American oysters,A,S,Pemaquid Oyster Company Inc.,Christopher Davis,Goose Ledges,Damariscotta River,Newcastle,Lincoln,2026-09-01T05:00:00.000Z,{E7016C59-1127-46E9-96CC-F6EA971AF77B},10.13963322,41033.6398021916,1104.98010221917,,,MEDMR,2019-09-10T20:56:55.000Z,https://www.maine.gov/dmr/aquaculture/leases/decisions/documents/FOFDecisionDAMGL3Executed.pdf
95,COB DC,Atlantic salmon,A,F,"Cooke Aquaculture USA, Inc.",Jennifer Robinson,Deep Cove,Cobscook Bay,Eastport,Washington,2026-12-11T05:00:00.000Z,{38839341-EFA6-4DD9-AE7C-96E51041B14E},25.14294903,101749.904744507,1277.90389765778,,,MEDMR,2019-09-10T20:56:55.000Z,https://www.maine.gov/dmr/aquaculture/leases/decisions/documents/FINALEXECUTEDRenewalDecisionCOBDC.pdf
99,COB JK,Atlantic salmon,A,F,"Cooke Aquaculture USA, Inc.",Jennifer Robinson,"South of Kendall Head, Johnson Cove",Cobscook Bay,Eastport,Washington,2027-09-01T05:00:00.000Z,{C3A60539-C632-4F3A-BE1A-7DCDF17D50E5},22.01952697,89109.864124164,1219.1211607843,,,MEDMR,2019-09-10T20:56:55.000Z,https://www.maine.gov/dmr/aquaculture/leases/decisions/documents/cobjktransfer2011.pdf
97,COB MI2,Atlantic salmon,A,F,"Cooke Aquaculture USA, Inc.",Jennifer Robinson,South of Matthews Island,Cobscook Bay,Eastport,Washington,2021-06-04T05:00:00.000Z,{28BF8B29-18AC-4EDD-8536-6B3A12E4915F},29.94551646,121185.205603814,1393.99434300916,,,MEDMR,2019-09-10T20:56:55.000Z,https://www.maine.gov/dmr/aquaculture/leases/decisions/documents/cobmi2renewal.pdf
100,COB RN2,Atlantic salmon,A,F,"Cooke Aquaculture USA, Inc.",Jennifer Robinson,North of Rodgers Island,Cobscook Bay,Lubec,Washington,2024-06-15T05:00:00.000Z,{8241EC90-7FFB-4A3A-B060-A1992BC82652},32.00389985,129515.18766177,1461.70036444481,,,MEDMR,2019-09-10T20:56:55.000Z,https://www.maine.gov/dmr/aquaculture/leases/decisions/documents/FOFDecisionCOBRN2.pdf
101,COB LU2,Atlantic salmon,A,F,"Cooke Aquaculture USA, Inc.",Jennifer Robinson,Eastern Johnson Bay,Cobscook Bay,Lubec,Washington,2024-06-15T05:00:00.000Z,{6B0A18C9-F251-41B0-B9E4-A669E721BD5E},32.1332911,130038.815448362,1462.87612486135,,,MEDMR,2019-09-10T20:56:55.000Z,https://www.maine.gov/dmr/aquaculture/leases/decisions/documents/FOFDecisionCOBLU2.pdf
102,COB HP,Atlantic salmon,A,F,"Cooke Aquaculture USA, Inc.",Jennifer Robinson,Harris Cove,Cobscook Bay,Eastport,Washington,2025-07-19T05:00:00.000Z,{6FB3E8F9-22AC-4D6F-BD8B-67EDD2D46711},9.96992,40346.8347880719,818.296778653757,,,MEDMR,2019-09-10T20:56:55.000Z,https://www.maine.gov/dmr/aquaculture/leases/decisions/documents/FinalDecision-COBHP-6-19-18.pdf
75,WES NC,American oysters,T,E,Ralph Hamill / Weskeag Fisheries,Ralph Hamill, ,Weskeag River,South Thomaston,Knox,2006-12-22T05:00:00.000Z,{15E11DC8-509D-4E5E-8F93-933E9F34FFA3},0.46365625,1876.3502584679,183.540591402902,,,MEDMR,2019-01-31T23:50:45.000Z,
103,COB SB,Atlantic salmon,A,F,"Cooke Aquaculture USA, Inc.",Jennifer Robinson,South Bay,Cobscook Bay,Lubec,Washington,2025-03-23T05:00:00.000Z,{279045ED-16FF-4C8B-B3FA-A2976476338A},31.78413543,128625.832579679,1436.94010641203,,,MEDMR,2019-09-10T20:56:55.000Z,https://www.maine.gov/dmr/aquaculture/leases/decisions/documents/FOFDecisionCOBSB-executed.pdf
104,COB BP,Atlantic salmon,A,F,"Cooke Aquaculture USA, Inc.",Jennifer Robinson,Birch Point,Cobscook Bay,Perry,Washington,2025-03-23T05:00:00.000Z,{CB1331B6-ED0F-47C7-B422-08BEE44AF520},33.03489686,133687.484511396,1467.43541045043,,,MEDMR,2019-09-10T20:56:55.000Z,https://www.maine.gov/dmr/aquaculture/leases/decisions/documents/FOFDecisionCOBBP-executed.pdf
106,SHE SP,American oysters,T,S,"Schweitzer, Daniel",Daniel Schweitzer,Mason Station salt pond,Sheepscot River,Wiscasset,Lincoln,2015-10-12T05:00:00.000Z,{3EDAF72F-B900-49C9-B4BB-C5A655CAEFFF},1.94548108,7873.08259886803,363.512572515801,,,MEDMR,2019-01-31T23:50:45.000Z,
1925,SHE LE2,American oysters,E,S,"Maine Oyster, Inc.",Eric Horne/Valy Steverlynck,Lehman Island,Sheepscot River,Newcastle,Lincoln,2017-12-03T05:00:00.000Z,{04339DCB-F43C-4613-BFF5-79B0070FDD5C},0.4894289,1980.64848661993,245.523732453523,,,MEDMR,2019-09-10T01:07:53.000Z,
114,EAST GL,Blue mussels,A,S,"Pemaquid Mussel Farms, LLC./Levesque, Tim",Peter Fischer,East of Googins Ledge,Eastern Bay,Bar Harbor,Hancock,2026-01-11T05:00:00.000Z,{8ADA9CE9-1DF3-44DF-8201-5B43F71687A3},7.99844224,32368.5473617163,730.227573043245,,,MEDMR,2019-09-10T20:56:55.000Z,https://www.maine.gov/dmr/aquaculture/leases/decisions/documents/FOFRenewalDecisionEASTGL.pdf
115,EAST HP,Blue mussels,A,S,"Acadia Aqua Farms, LLC.",Theo and Fiona de Koning,Hadley Point,Mount Desert Narrows,Bar Harbor,Hancock,2025-12-13T05:00:00.000Z,{16DC5978-0444-4A2E-9AA8-41D2A31EBAF9},40.3631485,163343.866747454,2123.14921376873,,,MEDMR,2019-09-10T20:56:55.000Z,https://www.maine.gov/dmr/aquaculture/leases/decisions/documents/FOFDecisionEASTHP.pdf
4494,PEN STH2,Blue mussels,A,S,"Pemaquid Mussel Farms, LLC.",Peter Fischer,Deer Isle Thorofare,Penobscot Bay,Stonington,Hancock,2020-01-26T05:00:00.000Z,{682F5F68-BC9D-4CB8-996E-6F6D11904C82},1.86525191,7548.40667590909,448.317509908755,,,MEDMR,2019-09-10T20:56:55.000Z,https://www.maine.gov/dmr/aquaculture/leases/decisions/documents/pemaquidmussel2010decisionpensth2.pdf
110,DAM WP,American oysters,A,S,Glidden Point Oyster Company,Ryan McPherson,West of Prentiss Island,Damariscotta River,Bristol and S. Bristol,Lincoln,2023-05-24T05:00:00.000Z,{DE88E4D9-E596-4394-A113-445B1A8652F7},4.25003527,17199.2825254926,853.878784460584,,,MEDMR,2019-09-10T20:56:55.000Z,https://www.maine.gov/dmr/aquaculture/leases/decisions/documents/FOFDecisionDAMWP.pdf
27,DAM HI3,Oysters/clams/scallops,A,S,"Muscongus Bay Aquaculture, Inc.",Antonina Simmons,Hog Island,Damariscotta River,Damariscotta,Lincoln,2024-04-28T05:00:00.000Z,{9B6DADED-176D-469F-BC26-D306BB0C758D},6.98177302,28254.2330034935,727.974175180758,,,MEDMR,2019-09-10T20:56:55.000Z,https://www.maine.gov/dmr/aquaculture/leases/decisions/documents/FOFDecisionDAMH13signed.pdf
2571,DAM JP2,American oysters,P,S,Glidden Point Oyster Company,Ryan McPherson,South of Jack's Point,Damariscotta River,Newcastle,Lincoln,2018-06-11T05:00:00.000Z,{E3815C3D-3FE7-4739-8AD5-B366D7B38C9C},7.75488368,31382.900812281,720.556678975579,,,MEDMR,2019-09-10T20:56:55.000Z,https://www.maine.gov/dmr/aquaculture/leases/decisions/documents/Decision-RenewalDAMJP2.pdf
4184,TENH LC,American oysters,T,E,Wildcat Oyster,Daniel Canfield,Wildcat Lobster Pound,Tenants Harbor,St. George,Knox,2012-03-29T05:00:00.000Z,{F2E61371-D78B-4881-B015-1438C95A8C27},1.5217695,6158.38267935338,324.448523076375,,,MEDMR,2019-01-31T23:50:45.000Z,
26,DAM GLW,American oysters,T,S,Maine Oyster Co.,Lisa Schaffer,West of southern end of Goose Ledges,Damariscotta River,Newcastle,Lincoln,2013-07-04T05:00:00.000Z,{2147119E-28D9-4B3B-9D95-D7C8BC422FC9},1.12237051,4542.07229061323,269.583677737061,,,MEDMR,2019-01-31T23:50:45.000Z,
4497,MACH CI2,Atlantic salmon,A,F,"Cooke Aquaculture USA, Inc.",Jennifer Robinson,Northwest side of Cross Island,Machias Bay,Cutler,Washington,2020-08-25T05:00:00.000Z,{22A0DAEE-2337-4E20-AF74-A769246EEDFE},44.67847219,180807.362117205,1703.67951416272,,,MEDMR,2019-09-10T20:56:55.000Z,https://www.maine.gov/dmr/aquaculture/leases/decisions/documents/phoenixcrossislandexpansion2009.pdf
4498,SWAN BIS,Atlantic salmon,A,F,"Cooke Aquaculture USA, Inc.",Jennifer Robinson,Black Island,,Frenchboro,Hancock,2021-03-20T05:00:00.000Z,{4DA72452-C305-4B77-A658-D35F1CF189DD},38.54209391,155974.320287625,1584.50429340602,,,MEDMR,2019-09-10T20:56:55.000Z,https://www.maine.gov/dmr/aquaculture/leases/decisions/documents/swanbis2011decision.pdf
4897,SCAR WLS,American and European oysters,T,E,"Nonesuch Oysters, LLC.",Abigail Carroll,Little Split,Scarborough River,Scarborough,Cumberland,2014-08-21T05:00:00.000Z,{67170ADB-780E-4B0B-93D6-18B8F214C8B8},3.9979531,16179.1421629294,715.889129927788,,,MEDMR,2019-02-15T23:24:13.000Z,
4899,SCAR ELS,American oysters,T,E,"Perry, Nate",Nate Perry,South of the railroad trestle,Scaroborough River,Scarborough,Cumberland,2014-07-31T05:00:00.000Z,{50948373-79CB-41A7-9D29-3BBF23B33F62},1.36968466,5542.91715889819,391.93792740424,,,MEDMR,2019-01-31T23:50:45.000Z,
4900,CAS LONG,Blue mussels,A,S,"Trundy Point, LLC.",Peter Stocks,South of Little Chebeague Island,Casco Bay,Long Island,Cumberland,2021-05-12T05:00:00.000Z,{B7B4F31C-5922-4A8A-A625-D50BE7E5CB25},1.73862088,7035.9490676555,451.362981524869,,,MEDMR,2019-09-10T20:56:55.000Z,https://www.maine.gov/dmr/aquaculture/leases/decisions/documents/trundypointcaslong2011dec.pdf
4901,BAG BH,American oysters,A,S,"Peasley, Frank S.",Frank S. Peasley,North of Bear Head,Bagaduce River,Brooksville,Hancock,2021-02-27T05:00:00.000Z,{4ABBE682-B520-4F1B-BB6F-F11E0519CEBD},5.38222966,21781.1106668171,779.492667402168,,,MEDMR,2019-09-10T20:56:55.000Z,https://www.maine.gov/dmr/aquaculture/leases/decisions/documents/peasleydecision2011.pdf
4903,CAS LNI,American oysters,T,E,"Maine Oyster, Inc.",Eric Horne/Valy Steverlynck,West of Lanes Island,Casco Bay,Yarmouth,Cumberland,2014-01-12T05:00:00.000Z,{5D15ACC4-11EB-4FC2-8AC0-4AA5DEC81A00},3.92035755,15865.1241370035,613.095700445972,,,MEDMR,2019-09-10T18:50:38.000Z,
4904,MED GI3,Blue mussels,A,S,"Farmer, Paul",Paul Farmer,West of Gay Island,Meduncook River,Cushing,Knox,2021-02-27T05:00:00.000Z,{97A41D17-D762-44AA-942D-7BE1C80FF300},0.27924747,1130.07441425981,141.189847805777,,,MEDMR,2019-09-10T20:56:55.000Z,https://www.maine.gov/dmr/aquaculture/leases/decisions/documents/farmerdecision2011.pdf
4911,TAUN HB3,American oysters,T,S,"Taunton Bay Oyster Company, Inc.",Michael Briggs,Southwest of Buckskin Island,Taunton Bay,Franklin,Hancock,2021-06-02T05:00:00.000Z,{4AE88678-EEEC-4517-B6B9-2DB0F0A2DCE4},2.51125135,10162.6736617613,675.721111589172,,,MEDMR,2019-01-31T23:50:45.000Z,
4912,TAUN HB3,American oysters,T,S,"Taunton Bay Oyster Company, Inc.",Michael Briggs,South of Buckskin Island,Hog Bay,Franklin,Hancock,2021-06-02T05:00:00.000Z,{EAE9D8FB-E74F-49E2-8523-0B9523BB7E9F},8.48418499,34334.2785271785,809.958542337924,,,MEDMR,2019-01-31T23:50:45.000Z,
4913,TAUN HB3,American oysters,T,S,"Taunton Bay Oyster Company, Inc.",Michael Briggs,West of Buckskin Island,Hog Bay,Franklin,Hancock,2021-06-02T05:00:00.000Z,{69428E8F-FBA2-4F52-9D7E-A7419C2FDEA2},2.92631879,11842.3919923909,510.600405143305,,,MEDMR,2019-01-31T23:50:45.000Z,
5305,HARP EN1,American oysters,T,E,"Field, Jason",Jason Field,"Ewin Narrows, Harpswell Sound",Casco Bay,Harpswell,Cumberland,2013-06-23T05:00:00.000Z,{0C94B9F7-2E1C-4400-8108-6BF1397518F4},2.38150726,9637.61793822999,403.362909478968,,,MEDMR,2019-02-15T23:38:49.000Z,
5706,DAM EL3,American oysters,A,S,"Mook Sea Farms, Inc.",William Mook,East of Little Point,Damariscotta River,Newcastle,Lincoln,2026-10-11T05:00:00.000Z,{D1B9910D-B120-4B7E-8F1C-7F5B85A317FF},2.50362968,10131.829846841,548.802988692097,,,MEDMR,2019-09-10T20:56:55.000Z,https://www.maine.gov/dmr/aquaculture/leases/decisions/documents/FOFDecisionDAMEL3Executed.pdf
5707,DAM EL3,American oysters,A,S,"Mook Sea Farms, Inc.",William Mook,East of Little Point,Damariscotta River,Newcastle,Lincoln,2026-10-11T05:00:00.000Z,{4C952ADA-24E9-4A87-A41E-3C2C552C0D54},7.15363369,28949.7284560847,831.285826649961,,,MEDMR,2019-09-10T20:56:55.000Z,https://www.maine.gov/dmr/aquaculture/leases/decisions/documents/FOFDecisionDAMEL3Executed.pdf
5708,DAM EL3,American oysters,A,S,"Mook Sea Farms, Inc.",William Mook,East of Little Point,Damariscotta River,Newcastle,Lincoln,2026-10-11T05:00:00.000Z,{1171065E-3D00-4D1B-B9FB-2763B280CB64},2.21767101,8974.59618632161,693.175188033083,,,MEDMR,2019-09-10T20:56:55.000Z,https://www.maine.gov/dmr/aquaculture/leases/decisions/documents/FOFDecisionDAMEL3Executed.pdf
5709,DAM EL3,American oysters,A,S,"Mook Sea Farms, Inc.",William Mook,East of Little Point,Damariscotta River,Newcastle,Lincoln,2026-10-11T05:00:00.000Z,{84920BB7-F806-4374-922F-1ABB4F6CFBB2},3.29788285,13346.0584090955,626.621131030903,,,MEDMR,2019-09-10T20:56:55.000Z,https://www.maine.gov/dmr/aquaculture/leases/decisions/documents/FOFDecisionDAMEL3Executed.pdf
5711,DAM PP2,American oysters,A,S,"Mook Sea Farms, Inc.",William Mook,East of Perkins Point,Damariscotta River,Newcastle,Lincoln,2022-05-13T05:00:00.000Z,{D5B7820D-3288-496A-8FEC-93A01C206C71},23.75750243,96143.201287573,1714.37942561344,,,MEDMR,2019-09-10T20:56:55.000Z,https://www.maine.gov/dmr/aquaculture/leases/decisions/documents/FOFDecisionDAMPP2MookSeaFarm2011-08.pdf
5712,FREN STA,Atlantic cod,T,F,Great Bay Aquaculture of Maine,Amy Crowley/Mordecai Levovitz,Stave Island,Frenchman Bay,Gouldsboro,Hancock,2022-06-05T05:00:00.000Z,{9C4220DE-E4F8-4E6B-B1F6-8D620168E6ED},20.0188509,81013.415333563,1141.1637975138,,,MEDMR,2019-01-31T23:50:45.000Z,
5713,CAS CHEB,Marine algae,E,E,"Ocean Approved, LLC.",Paul Dobbins,West-Southwest of Indian Point,Casco Bay,Chebeague Island,Cumberland,2015-07-31T05:00:00.000Z,{E39089B2-6C7F-4E92-9DEF-C2C940923675},2.9923252,12109.5104423886,743.334737907392,,,MEDMR,2019-02-15T23:36:21.000Z,
5714,DAM BP,American oysters,A,E,Damariscotta River Association,Sarah Gladu,South of Blackstone Point,Damariscotta River,Damariscotta,Lincoln,2021-05-31T05:00:00.000Z,{BEBCE9BD-62FE-4534-A16F-60E9F9A79A50},0.05752868,232.810321616363,61.0510573858744,,,MEDMR,2019-09-10T20:56:55.000Z,https://www.maine.gov/dmr/aquaculture/leases/decisions/documents/FOFDecisionDAMBP.pdf
5715,CAS JEWL,Marine algae,T,E,"Ocean Approved, LLC.",Tollef Olson,Southwest of Jewell Island,Casco Bay,Portland,Cumberland,2015-01-02T05:00:00.000Z,{BA647856-DFCE-4F60-947B-C9019FA5BD5A},3.02684397,12249.2029514232,743.038280547321,,,MEDMR,2019-02-15T23:36:23.000Z,
5718,JOHN NB2,American oysters,T,S,"Johns River Oyster, LLC.",David Cheney,North Branch,Johns River,South Bristol,Lincoln,2022-02-07T05:00:00.000Z,{A828850E-3F13-459B-B432-3478F6CC89C2},4.31309622,17454.4811522432,982.816536201609,,,MEDMR,2019-02-15T23:38:52.000Z,
5719,CAS BASK,Blue mussels,T,E,"Trundy Point, LLC.",Peter Stocks,Southeast of Basket Island,Casco Bay,Cumberland,Cumberland,2015-12-31T05:00:00.000Z,{9E2B00D3-4D47-4744-803D-9F17B0E228F6},2.71220562,10975.9067411549,485.317916991661,,,MEDMR,2019-02-15T23:35:59.000Z,
5720,SCAR NELS,American and European oysters,T,E,"Nonesuch Oysters, LLC.",Abigail Carroll,Little Split,Scarborough River,Scarborough,Cumberland,2015-09-03T05:00:00.000Z,{555012BD-1064-4E84-B51F-3A9C3CD8D511},0.40672971,1645.97675543963,163.340490613239,,,MEDMR,2019-02-15T23:24:09.000Z,
5721,BHB LI2,Blue mussels,T,S,"Gray's Mussel Farm, LLC.",Terry Gray,East of Long Island,Blue Hill Bay,Blue Hill,Hancock,2016-11-28T05:00:00.000Z,{AEF8A1B2-31E3-48CC-ABE8-6F2E4289819B},3.01346532,12195.0614674869,521.337961211681,,,MEDMR,2019-02-15T23:35:43.000Z,
5722,CAS BC,American oysters,E,E,"Peaks Island Shellfish, LLC.",Mark Green,Broad Cove,Casco Bay,Yarmouth,Cumberland,2016-04-30T05:00:00.000Z,{DA7A2C58-350F-4AA6-80D7-4AF18A44D945},1.75158119,7088.39757804106,337.009690998043,,,MEDMR,2019-09-10T00:48:26.000Z,
5723,BAG BH2,American oysters/sea scallops,T,E,Little Island Oyster Company,Frank and Tonyia Peasley,Off Bear Head,Bagaduce River,Brooksville,Hancock,2016-07-31T05:00:00.000Z,{BB7E97C3-33AE-405F-AFEF-E05C2F6B5705},0.15782936,638.71277500192,132.282182331161,,,MEDMR,2019-01-31T23:50:45.000Z,
5724,DAM PI2,American oysters,A,S,"Mook Sea Farms, Inc.",William Mook,East of Peters Island,Damariscotta River,South Bristol,Lincoln,2026-10-20T05:00:00.000Z,{0A2FDE3D-BD33-4E17-A224-388E201A8F14},0.65588462,2654.27087353046,265.689144956162,,,MEDMR,2019-09-10T20:56:55.000Z,https://www.maine.gov/dmr/aquaculture/leases/decisions/documents/FOFDecisionMookSeaFarmsExecuted.pdf
5725,BAG BH2,American oysters/sea scallops,T,E,Little Island Oyster Company,Frank and Tonyia Peasley,Off Bear Head,Bagaduce River,Brooksville,Hancock,2016-07-31T05:00:00.000Z,{85B8F898-2A0D-4E32-90F1-A470F6AE43E5},0.18427969,745.753452212754,132.550234107894,,,MEDMR,2019-01-31T23:50:45.000Z,
5726,BAG BH3,American oysters,T,E,Little Island Oyster Company,Frank and Tonyia Peasley,Off Bear Head,Bagaduce River,Brooksville,Hancock,2016-07-31T05:00:00.000Z,{B8C53440-82CE-4B17-BA29-E6D2F6EB8B5D},1.08210795,4379.13551780004,265.627668567449,,,MEDMR,2019-01-31T23:50:45.000Z,
5727,PHMS NH2,American oysters,A,S,"Campbell, Adam and Michelle",Adam Campbell,Pulpit Harbor Mill Stream,Penobscot Bay,North Haven,Knox,2021-12-01T05:00:00.000Z,{B825A96B-F317-4956-8CD2-C35546624898},2.53379433,10253.9018527578,508.517460390417,,,MEDMR,2019-09-10T20:56:55.000Z,
5728,BAG BH2,American oysters/sea scallops,T,E,Little Island Oyster Company,Frank and Tonyia Peasley,Off Bear Head,Bagaduce River,Brooksville,Hancock,2016-07-31T05:00:00.000Z,{68385CBE-AA4A-403C-BB93-70918C97A8A6},1.08209594,4379.08688428802,265.626203631979,,,MEDMR,2019-01-31T23:50:45.000Z,
5729,DAM LW2,Oysters/clams/mussels/scallops/marine algae,A,E,Darling Marine Center/University of Maine,Timothy Miller,Lowes Cove,Damariscotta River,Walpole,Lincoln,2019-09-30T05:00:00.000Z,{ACDC7B8A-5865-40DA-9A89-83D56AC2FF74},1.10723458,4480.81936759866,361.147479041989,,,MEDMR,2019-09-10T20:56:55.000Z,https://www.maine.gov/dmr/aquaculture/leases/decisions/documents/FOFDECISIONEXECUTEDleaseDAMLW2.pdf
5730,DAM LW2,Oysters/clams/mussels/scallops/marine algae,A,E,Darling Marine Center/University of Maine,Timothy Miller,Lowes Cove,Damariscotta River,Walpole,Lincoln,2019-09-30T05:00:00.000Z,{F6DFCD76-4267-42B9-9D6B-547E8F9ABE54},0.43736392,1769.94899349045,195.133515054376,,,MEDMR,2019-09-10T20:56:55.000Z,https://www.maine.gov/dmr/aquaculture/leases/decisions/documents/FOFDECISIONEXECUTEDleaseDAMLW2.pdf
5731,DAM LW2,Oysters/clams/mussels/scallops/marine algae,A,E,Darling Marine Center/University of Maine,Timothy Miller,Lowes Cove,Damariscotta River,Walpole,Lincoln,2019-09-30T05:00:00.000Z,{3F37EF0A-D752-4F92-85AC-34A54A06C79F},0.23986412,970.695653553854,127.870241256014,,,MEDMR,2019-09-10T20:56:55.000Z,https://www.maine.gov/dmr/aquaculture/leases/decisions/documents/FOFDECISIONEXECUTEDleaseDAMLW2.pdf
5732,BHB LI3,Blue mussels,T,S,Maine Cultured Mussels / Mussel Bound Farms,Erick Spencer Swanson,East of Long Island,Blue Hill Bay,Blue Hill,Hancock,2017-05-24T05:00:00.000Z,{0DA2EF6F-DFF5-4C0D-94F7-80AC1EE20616},29.97228342,121293.527643488,1421.94052125545,,,MEDMR,2019-02-15T23:35:45.000Z,
5733,TAUN HB4,American oysters,A,S,"Taunton Bay Oyster, LLC.",Michael Briggs,Buckskin Island,Taunton Bay,Franklin,Hancock,2024-06-18T05:00:00.000Z,{CFF598E6-8EE7-4746-B186-92E3409209DD},10.69231412,43270.2600727226,1959.33241165946,,,MEDMR,2019-09-10T20:56:55.000Z,https://www.maine.gov/dmr/aquaculture/leases/decisions/documents/FOFfinaldecisionTauntonBayOysterCo.No.2013-14.pdf
5734,TAUN HB4,American oysters,T,S,Taunton Bay Oyster Company Inc.,Michael Briggs,,Taunton Bay,Franklin,Hancock,2024-06-18T05:00:00.000Z,{D2F84BF4-46AD-43FC-BC58-CB365D5CE998},5.2131759,21096.9743750832,748.455935687357,,,MEDMR,2019-01-31T23:50:45.000Z,
5735,MAQ BRW,American oysters,A,S,"Bradley, Edward and Christian Horne",Edward Bradley/Christian Horne,West of Bunganuc Rock,Maquoit Bay,Freeport,Cumberland,2024-06-24T05:00:00.000Z,{2ED0EBF2-4C33-45C2-96C5-F0D986D7B657},6.81078541,27562.2706964557,684.528030663031,,,MEDMR,2019-09-10T20:56:55.000Z,
5736,TAUN HB4,American oysters,A,S,"Taunton Bay Oyster, LLC.",Michael Briggs,Southwest of Buckskin Island,Taunton Bay,Franklin,Hancock,2024-06-18T05:00:00.000Z,{DAC770F3-783A-44BF-9526-2E94BFA391FB},5.06024489,20478.0845233208,1284.47513188484,,,MEDMR,2019-09-10T20:56:55.000Z,https://www.maine.gov/dmr/aquaculture/leases/decisions/documents/FOFfinaldecisionTauntonBayOysterCo.No.2013-14.pdf
5737,TAUN HB4,American oysters,T,S,Taunton Bay Oyster Company Inc.,Michael Briggs,,Taunton Bay,Franklin,Hancock,2024-06-18T05:00:00.000Z,{839EEB17-9EA6-47B3-97AF-A0B9A4980118},3.11907002,12622.4285583279,601.141336610899,,,MEDMR,2019-01-31T23:50:45.000Z,
5738,TAUN HB4,American oysters,A,S,"Taunton Bay Oyster, LLC.",Michael Briggs,"Buckskin Island, Hog Bay",Taunton Bay,Franklin,Hancock,2024-06-18T05:00:00.000Z,{DE8FCDC7-D947-445A-A639-46C20F73C228},3.91977993,15862.7865725483,702.05479989042,,,MEDMR,2019-09-10T20:56:55.000Z,https://www.maine.gov/dmr/aquaculture/leases/decisions/documents/FOFfinaldecisionTauntonBayOysterCo.No.2013-14.pdf
5739,MAQ BRE,American oysters,A,S,"Maine Oyster, Inc.",Eric Horne/Valy Steverlynck,West of Bunganuc Rock,Maquoit Bay,Freeport,Cumberland,2024-06-23T05:00:00.000Z,{424C3938-2A7B-4E61-BD9B-7E57017E3750},9.88805303,40015.5309237164,825.859827376256,,,MEDMR,2019-09-10T20:56:55.000Z,https://www.maine.gov/dmr/aquaculture/leases/decisions/documents/FOFDecisionMAQBRE-MaineOysterandBradley.pdf
5740,DAM PIN,American oysters,T,E,"Mook Sea Farm, Inc.",William Mook,Northwest of Peters Island,Damariscotta River,South Bristol,Lincoln,2017-11-04T05:00:00.000Z,{93E46571-76DE-4A2E-8CBF-5A6CDEBEA8D2},0.78368205,3171.44872306364,256.90163492231,,,MEDMR,2019-01-31T23:50:45.000Z,
5741,BHB LI3,Blue mussels,P,S,Maine Cultured Mussels / Mussel Bound Farms,Erick Swanson,East of Long Island,Blue Hill Bay,Blue Hill,Hancock,2017-05-24T05:00:00.000Z,{0F9CA143-8C25-4E99-B751-B53EEFBC6BEB},4.69849356,19014.128845974,585.257178360763,,,MEDMR,2019-09-10T20:56:55.000Z,https://www.maine.gov/dmr/aquaculture/leases/decisions/documents/MaineCulturedMussels-MusselBoundFarmsBHBLI3EofLongIsBHB.pdf
5742,PHSP NH,American oysters,A,S,"Campbell, Adam and Michelle",Adam Campbell,Pulpit Harbor Salt Pond,Penobscot Bay,North Haven,Knox,2023-08-17T05:00:00.000Z,{1257539F-4EE4-4EBB-A463-CF1AC464460E},16.21840397,65633.5522778591,1519.86538342791,,,MEDMR,2019-09-10T20:56:55.000Z,"https://www.maine.gov/dmr/aquaculture/leases/decisions/documents/Adam and Michelle Campbell, Pulpit Harbor Salt Pond, N. Haven.pdf"
5743,DAM BN,Oysters/quahogs/seaweed,A,S,"Johns River Shellfish, LLC.",David Cheney,Blackstone Narrows,Damariscotta River,Damariscotta,Lincoln,2025-02-18T05:00:00.000Z,{961B527E-36C6-41A8-B272-8FF906F07EB3},3.36094293,13601.2534968203,568.214362069981,,,MEDMR,2019-09-10T20:56:55.000Z,https://www.maine.gov/dmr/aquaculture/leases/decisions/documents/FOFDecisionDAMBN.pdf
5744,CAS LJIx,American oysters,E,E,"Wolf Neck Oyster Company, LLC.",Mark Green,Between Cousins and LIttlejohn Islands,Casco Bay,Yarmouth,Cumberland,2018-03-31T05:00:00.000Z,{64567087-61FC-41E2-A897-9C56AD410948},1.96850173,7966.24388387074,357.026679363692,,,MEDMR,2019-09-10T00:49:47.000Z,
5746,BHB GC4,American oysters,A,S,"Acadia Sea Farms, Inc.",Warren Pettegrow,"Goose Cove, Western Bay",Blue Hill Bay,Trenton,Hancock,2020-05-31T05:00:00.000Z,{71E9828B-A2E8-46F5-AB82-95648AAB3291},25.00063246,101173.970015161,1394.54409019695,,,MEDMR,2019-09-10T20:56:55.000Z,https://www.maine.gov/dmr/aquaculture/leases/decisions/documents/acadiaseafarmdecision2012bhbgc4.pdf
5747,BHB OHCx,American oysters,P,E,"Western Bay Oyster Company, LLC.",Matthew Gerald,South of Old House Cove,Blue Hill Bay,Bar Harbor,Hancock,2018-11-30T05:00:00.000Z,{5C127C67-635B-44A3-8779-667C3C8C49CF},3.31658544,13421.745078016,537.411326442284,,,MEDMR,2019-09-10T20:56:55.000Z,https://www.maine.gov/dmr/aquaculture/leases/decisions/documents/FINALDecisionWesternBayOyster.pdf
5748,BHB GC4,American oysters,A,S,"Acadia Sea Farms, Inc.",Warren Pettegrow,"Goose Cove, Western Bay",Blue Hill Bay,Trenton,Hancock,2020-05-31T05:00:00.000Z,{19944E80-D11A-45F5-9631-E206459930A4},24.80462439,100380.75352141,1503.79128122698,,,MEDMR,2019-09-10T20:56:55.000Z,https://www.maine.gov/dmr/aquaculture/leases/decisions/documents/acadiaseafarmdecision2012bhbgc4.pdf
5749,MORG NJIx,Quahogs/oysters,T,E,"Porada, Joseph",Joseph Porada,"North of Jed Island, Morgan Bay",Blue Hill Bay,Surry,Hancock,2018-06-14T05:00:00.000Z,{98436AD4-1C61-48EC-AD7A-067CDE79BE31},3.92794902,15895.8457227862,509.877638082898,,,MEDMR,2019-01-31T23:50:45.000Z,
5750,DAM HI5x,American oysters,P,E,"Dodge Cove Marine Farm, LLC.",Antonina Simmons,Southwest of Hog Island,Damariscotta River,Damariscotta,Lincoln,2017-12-15T05:00:00.000Z,{5B71DF11-578D-47E2-BE8C-7BF1738578BD},3.55035034,14367.7580616651,624.459851533151,,,MEDMR,2019-09-10T20:56:55.000Z,
5751,NMR EMGx,American oysters/blue mussels/seaweed,P,E,"Francisco, Peter W.",Peter Francisco,East of Middle Ground,New Meadows River,West Bath,Sagadahoc,2018-05-31T05:00:00.000Z,{5F077068-8D5C-43E3-B985-E7B84D5DE88C},3.51086229,14207.9555891406,527.676028322623,,,MEDMR,2019-09-10T20:56:55.000Z,https://www.maine.gov/dmr/aquaculture/leases/decisions/documents/FOFDecision-NMREMGx.pdf
5752,SCAR SRR,American and European oysters,A,S,"Nonesuch Oysters, LLC.",Abigail Carroll,South of the railroad trestle,Scarborough River,Scarborough,Cumberland,2025-11-02T05:00:00.000Z,{3C0E759F-537D-438B-AB3C-4EF935DADC87},6.35515075,25718.3826462203,1165.48348484641,,,MEDMR,2019-09-10T20:56:55.000Z,https://www.maine.gov/dmr/aquaculture/leases/decisions/documents/FOFDecisionforSCARSRR.pdf
5753,EASTW CALF,Atlantic salmon,A,F,"Cooke Aquaculture USA, Inc.",Jennifer Robinson,East of Calf Island,Eastern Bay,Jonesport,Washington,2026-03-14T05:00:00.000Z,{7B7ED49C-2132-4142-A1D8-FA2E2C1FD2C6},28.0165095,113378.791414394,1397.74203974675,,,MEDMR,2019-09-10T20:56:55.000Z,https://www.maine.gov/dmr/aquaculture/leases/decisions/documents/FOFDECISIONCALFISLAND.pdf
5754,BHB HI2,Blue mussels,A,S,"Mussel Bound, Inc.",Erick Spencer Swanson,East of Hardwood Island,Blue Hill Bay,Tremont,Hancock,2020-03-24T05:00:00.000Z,{BE2EA013-05F3-436D-A7A2-BAB08E18FB45},14.99492233,60682.297748288,1101.77944861272,,,MEDMR,2019-09-10T20:56:55.000Z,https://www.maine.gov/dmr/aquaculture/leases/decisions/documents/FinalDecisiontransferBHBHI27-14-17.pdf
5755,SCAR ERR,American and European oysters,A,S,"Pine Point Oyster Company, LLC.",Nate Perry,East of railroad trestle,Scarborough River,Scarborough,Cumberland,2026-02-07T05:00:00.000Z,{E705970B-5256-440E-BD47-FBE57B07C50A},5.92669356,23984.4778871803,721.932987612856,,,MEDMR,2019-09-10T20:56:55.000Z,
5756,SACO ERx,Marine algae,E,E,"Harder, Timothy",Timothy Harder,Between Eagle and Ram Islands,Saco Bay,Saco,York,2019-03-30T05:00:00.000Z,{4B788696-339A-42DA-BF83-302DA9237F01},2.83367981,11467.4953271329,494.90437398125,,,MEDMR,2019-09-10T01:06:05.000Z,
5757,SCAR SRR,American and European oysters,A,S,"Nonesuch Oysters, LLC.",Abigail Carroll,South of the railroad trestle,Scarborough River,Scarborough,Cumberland,2025-11-02T05:00:00.000Z,{2C041193-ACFA-437F-864C-690D69348C8A},0.40793592,1650.85811763906,163.710910783465,,,MEDMR,2019-09-10T20:56:55.000Z,https://www.maine.gov/dmr/aquaculture/leases/decisions/documents/FOFDecisionforSCARSRR.pdf
5758,JORD TLx,Green sea urchins,E,E,"Ocean Resources, Inc.",David Quimby,,Jordan River,Trenton / Lamoine,Hancock,2019-04-30T05:00:00.000Z,{B5DE7BA6-FBEF-4DBA-9E18-2D5690EBF494},2.93539737,11879.1317056553,439.960009458746,,,MEDMR,2019-09-10T00:58:56.000Z,
5759,MIDD CIx,American oysters,P,E,"Johnson, Timothy",Timothy Johnson,Middle Bay,Casco Bay,Harpswell,Cumberland,2019-04-14T05:00:00.000Z,{F00C346F-2255-4AAC-A797-99305DA747D8},2.12084136,8582.74048699179,423.586085358551,,,MEDMR,2019-09-10T20:56:55.000Z,https://www.maine.gov/dmr/aquaculture/leases/decisions/documents/FOFDecisionleaseMIDDCIx.pdf
5760,MUS WHAR,American oysters/sugar kelp,A,S,K2 Science LLC.,Ray Konisky,Medomak River,Muscongus Bay,Friendship,Knox,2026-03-17T05:00:00.000Z,{C1A1E2A8-4D05-4189-A49A-26387DD85F41},0.17174864,695.042072224025,106.582889872775,,,MEDMR,2019-09-10T20:56:55.000Z,https://www.maine.gov/dmr/aquaculture/leases/decisions/documents/FOFDecisionK2Science.pdf
5761,MIDD CIx,American oysters,P,E,"Johnson, Timothy",Timothy Johnson,Middle Bay,Casco Bay,Harpswell,Cumberland,2019-04-14T05:00:00.000Z,{6D37BED8-3EB0-44C6-82A5-E95EC42811DD},1.90397667,7705.1202018504,372.486637354121,,,MEDMR,2019-09-10T20:56:55.000Z,https://www.maine.gov/dmr/aquaculture/leases/decisions/documents/FOFDecisionleaseMIDDCIx.pdf
5762,MUS WHAR,American oysters/sugar kelp,A,S,K2 Science LLC.,Ray Konisky,Medomak River,Muscongus Bay,Friendship,Knox,2026-03-17T05:00:00.000Z,{493C7C83-9A83-4D8C-84AE-4E34DF4667F2},0.61893157,2504.72719451348,252.797480771555,,,MEDMR,2019-09-10T20:56:55.000Z,https://www.maine.gov/dmr/aquaculture/leases/decisions/documents/FOFDecisionK2Science.pdf
5763,MUS WHAR,American oysters/sugar kelp,A,S,K2 Science LLC.,Ray Konisky,Medomak River,Muscongus Bay,Friendship,Knox,2026-03-17T05:00:00.000Z,{3B07BE67-52BC-44ED-83CA-214242F18CDC},0.20146166,815.28640897331,119.090437414517,,,MEDMR,2019-09-10T20:56:55.000Z,https://www.maine.gov/dmr/aquaculture/leases/decisions/documents/FOFDecisionK2Science.pdf
5764,CAS NLCx,American oysters,E,E,"Chebeague Island Oyster Company, LLC.",Robert Earnest,North of Little Chebeague Island,Casco Bay,Chebeague Island,Cumberland,2019-06-26T05:00:00.000Z,{6A0CD924-1365-4765-BD7A-2089A66A3DC3},0.64899809,2626.40209859522,296.608076874759,,,MEDMR,2019-09-10T00:50:24.000Z,
5765,HARP DH,American oysters,A,S,Quahog Bay Conservation,David Hunter,Northwest of Orrs Island,Harpswell Sound,Harpswell,Cumberland,2026-03-28T05:00:00.000Z,{8FC22E66-6934-4285-BD66-8377FC7E9FA3},8.67528398,35107.6287062307,889.673308033666,,,MEDMR,2019-09-10T20:56:55.000Z,https://www.maine.gov/dmr/aquaculture/leases/decisions/documents/TransferDecisionExecutedHARPDH.pdf
5766,DAM HIS,American oysters,A,S,"Norumbega Oysters, Inc.",Eric Peters,Southeast of Hog Island,Damariscotta River,Damariscotta,Lincoln,2025-08-17T05:00:00.000Z,{976B81DE-5AAF-45D0-9498-ADCB179F213E},1.90009991,7689.43153334169,378.681944308728,,,MEDMR,2019-09-10T20:56:55.000Z,https://www.maine.gov/dmr/aquaculture/leases/decisions/documents/FOFDecisionDAMHIS.pdf
5767,JOHN NB3,Oysters/quahogs/blue mussels,A,S,"Johns River Shellfish, LLC.",David Cheney,North Branch,Johns River,South Bristol,Lincoln,2022-02-07T05:00:00.000Z,{F873AF5D-8D4C-42B4-AE64-38272CAA9434},4.31309622,17454.4811522432,982.816536201609,,,MEDMR,2019-09-10T20:56:55.000Z,https://www.maine.gov/dmr/aquaculture/leases/decisions/documents/ExecutedDecisionJOHNNB3.pdf
5768,JOHN NB3,Oysters/quahogs/blue mussels,A,S,"Johns River Shellfish, LLC.",David Cheney,West of Peabow Island,Johns River,South Bristol,Lincoln,2022-02-07T05:00:00.000Z,{E108B8C3-3030-40E1-AEF0-F511FB6CD41E},2.63359969,10657.7998133027,557.568432551436,,,MEDMR,2019-09-10T20:56:55.000Z,https://www.maine.gov/dmr/aquaculture/leases/decisions/documents/ExecutedDecisionJOHNNB3.pdf
5769,ROY LAM,American oysters,A,S,"Maine Oyster, Inc.",Eric Horne/Valy Steverlynck,West of Lanes Island,Royal River,Yarmouth,Cumberland,2026-04-10T05:00:00.000Z,{988D6EEE-245B-4F99-82A7-4DE7446B75CE},6.58930934,26665.9888080744,736.67644586474,,,MEDMR,2019-09-10T20:56:55.000Z,https://www.maine.gov/dmr/aquaculture/leases/decisions/documents/FOFDecisionleaseROYLAM_000.pdf
5770,CAS LAM,American oysters,T,E,"Maine Oyster, Inc.",Eric Horne/Valy Steverlynck,Southwest of Lambert Point,Royal River,Freeport and Yarmouth,Cumberland,2014-02-10T05:00:00.000Z,{2A1C79E9-163E-4721-A858-C49486169E0A},3.77009285,15257.0244758491,604.723740053004,,,MEDMR,2019-09-10T18:50:40.000Z,
5771,ROY LAM,American oysters,T,S,"Maine Oyster, Inc.",Eric Horne/Valy Steverlynck,Southwest of Lambert Point,Royal River,Freeport and Yarmouth,Cumberland,2026-04-10T05:00:00.000Z,{D62D7356-7B3B-4840-9740-4701DEA3AE10},3.74628934,15160.6950613168,603.194152888827,,,MEDMR,2019-02-15T23:23:57.000Z,
5772,DAM PI2,American oysters,A,S,"Mook Sea Farms, Inc.",William Mook,East of Peters Island,Damariscotta River,South Bristol,Lincoln,2026-10-20T05:00:00.000Z,{3FE59914-BB68-4F2C-89A1-EA3A8F74C214},1.33450547,5400.55204506783,487.846476580366,,,MEDMR,2019-09-10T20:56:55.000Z,https://www.maine.gov/dmr/aquaculture/leases/decisions/documents/FOFDecisionMookSeaFarmsExecuted.pdf
5773,DAM PI2,American oysters,A,S,"Mook Sea Farms, Inc.",William Mook,Northwest of Peters Island,Damariscotta River,South Bristol,Lincoln,2026-10-20T05:00:00.000Z,{B28C817C-CF6F-42E3-BE9B-1DC15EE35019},0.78368205,3171.44872306364,256.90163492231,,,MEDMR,2019-09-10T20:56:55.000Z,https://www.maine.gov/dmr/aquaculture/leases/decisions/documents/FOFDecisionMookSeaFarmsExecuted.pdf
5774,CAS BASK2,Blue mussels,A,S,"Trundy Point, LLC.",Peter Stocks,Southeast of Basket Island,Casco Bay,Cumberland,Cumberland,2026-08-11T05:00:00.000Z,{BF958E64-A917-4A53-9A5C-BE87E7E081A1},4.01122273,16232.8424855382,563.579270229692,,,MEDMR,2019-09-10T20:56:55.000Z,https://www.maine.gov/dmr/aquaculture/leases/decisions/documents/ExecutedDecisionCASBASK2.pdf
5775,DAM PI,American oysters,T,E,"Mook Sea Farms, Inc.",William Mook,East of Peters Island,Damariscotta River,South Bristol,Lincoln,2016-01-09T05:00:00.000Z,{79E05CBF-2898-4323-8522-A7F840B431FB},0.65588462,2654.27087353046,265.689144956162,,,MEDMR,2019-01-31T23:50:45.000Z,
5776,CAS ELCx,Marine algae,P,E,"Shearwater Ventures, LLC.",Nathan Johnson,East of Little Chebeague Island,Casco Bay,Chebeague Island,Cumberland,2019-08-19T05:00:00.000Z,{EA31EC3F-4461-4FFD-A5BE-F1CEAE6AD143},3.83126483,15504.5786716597,761.486481087789,,,MEDMR,2019-09-10T20:56:55.000Z,https://www.maine.gov/dmr/aquaculture/leases/decisions/documents/FOFDECISIONexecutedShearwaterVenturesLLC.pdf
5777,SHE LE4x,American oysters,A,E,"Maine Oyster, Inc.",Eric Horne/Valy Steverlynck,East of Lehman Island,Sheepscot River,Newcastle,Lincoln,2020-04-27T05:00:00.000Z,{22C6827C-30BF-4B0C-80AB-339ADB948BD2},0.5056078,2046.12216886259,234.670551951616,,,MEDMR,2019-09-10T20:56:55.000Z,https://www.maine.gov/dmr/aquaculture/leases/decisions/documents/EXECUTEDDecisionSHELE4x.pdf
5778,CAS MIx,American oysters/sea scallops,A,E,"Butterfield, Keith",Keith Butterfield,Southeast of Little Moshier Island,Casco Bay,Yarmouth,Cumberland,2020-07-13T05:00:00.000Z,{20C42B75-DD6C-4E06-9DC9-438E24C911D9},2.7198394,11006.7995544753,549.282164018663,,,MEDMR,2019-09-10T20:56:55.000Z,https://www.maine.gov/dmr/aquaculture/leases/decisions/documents/FINALDECISION-CASMIx-KeithButterfield.pdf
5779,SHE LE3x,American oysters,A,E,"Maine Oyster, Inc.",Eric Horne/Valy Steverlynck,Southwest of Lehman Island,Sheepscot River,Newcastle,Lincoln,2020-04-27T05:00:00.000Z,{136FE9E9-582F-4182-8239-8C0FE0138E80},3.88826892,15735.2660532002,769.27290196009,,,MEDMR,2019-09-10T20:56:55.000Z,https://www.maine.gov/dmr/aquaculture/leases/decisions/documents/EXECUTEDDecisionSHELE3x.pdf
5780,SHE LE4x,American oysters,A,E,"Maine Oyster, Inc.",Eric Horne/Valy Steverlynck,East of Lehman Island,Sheepscot River,Newcastle,Lincoln,2020-04-27T05:00:00.000Z,{303C1AEF-533D-4294-BDD6-4F376B2BD3DB},0.92950624,3761.57828178153,617.771712210065,,,MEDMR,2019-09-10T20:56:55.000Z,https://www.maine.gov/dmr/aquaculture/leases/decisions/documents/EXECUTEDDecisionSHELE4x.pdf
5781,SHE LE4x,American oysters,A,E,"Maine Oyster, Inc.",Eric Horne/Valy Steverlynck,East of Lehman Island,Sheepscot River,Newcastle,Lincoln,2020-04-27T05:00:00.000Z,{7C482F1E-165F-4DE7-946B-601F9BE92C62},0.91957941,3721.40582746644,413.569316484744,,,MEDMR,2019-09-10T20:56:55.000Z,https://www.maine.gov/dmr/aquaculture/leases/decisions/documents/EXECUTEDDecisionSHELE4x.pdf
5782,CAS LCI2,Marine algae,A,W,"Wild Ocean Aquaculture, LLC.",Matthew Moretti,South of Little Chebeague Island,Casco Bay,Long Island,Cumberland,2024-11-16T05:00:00.000Z,{AF804367-E4DF-4A1C-9626-9EF885DF3D19},0.82468305,3337.37388069545,928.690367044576,,,MEDMR,2019-09-10T20:56:55.000Z,https://www.maine.gov/dmr/aquaculture/leases/decisions/documents/ExecutedtransferDecisionCASLCI2.pdf
5783,NMR WPx,Oysters/bay scallops/sea scallops,A,E,"Nice Oyster Company, LLC.",Dana Morse,East of Woodward Point,New Meadows River,Brunswick,Cumberland,2020-08-21T05:00:00.000Z,{1BFFBA98-159D-45CC-B7A3-0BE55214D507},2.73703057,11076.3697432779,436.030954677637,,,MEDMR,2019-09-10T20:56:55.000Z,https://www.maine.gov/dmr/aquaculture/leases/decisions/documents/FINALDECISION-NiceOysterCompanyNMRWPx..pdf
5784,SHE LE4x,American oysters,A,E,"Maine Oyster, Inc.",Eric Horne/Valy Steverlynck,East of Lehman Island,Sheepscot River,Newcastle,Lincoln,2020-04-27T05:00:00.000Z,{291A3CA0-EF4B-4E85-91FD-D5DD814D6FBA},1.55019073,6273.39930107418,344.267478577563,,,MEDMR,2019-09-10T20:56:55.000Z,https://www.maine.gov/dmr/aquaculture/leases/decisions/documents/EXECUTEDDecisionSHELE4x.pdf
5785,CAS MIx,American oysters/sea scallops,A,E,"Butterfield, Keith",Keith Butterfield,Southeast of Moshier Island,Casco Bay,Yarmouth,Cumberland,2020-07-13T05:00:00.000Z,{EAD709BC-90DC-4CDA-86F8-4A583A43F138},0.83032474,3360.20502093023,296.632387032166,,,MEDMR,2019-09-10T20:56:55.000Z,https://www.maine.gov/dmr/aquaculture/leases/decisions/documents/FINALDECISION-CASMIx-KeithButterfield.pdf
5786,CAS CHEB2,Marine algae,A,W,"Wild Ocean Aquaculture, LLC.",Matthew Moretti,West southwest of Great Chebeague Island,Casco Bay,Chebeague Island,Cumberland,2026-10-21T05:00:00.000Z,{66686590-40DD-4812-AED6-C3E361B5E642},3.02881093,12257.1629600027,743.49922981239,,,MEDMR,2019-09-10T20:56:55.000Z,https://www.maine.gov/dmr/aquaculture/leases/decisions/documents/ExecutedtransferDecisionCASCHEB2.pdf
5787,EAST TB,American oysters,A,S,"Bar Harbor Oyster Company, LLC.",Joanna Fogg and Jesse Walls,East of Israel Point,Thomas Bay,Bar Harbor,Hancock,2026-08-31T05:00:00.000Z,{9B7D751D-D901-43B6-9485-641699A99837},6.20877523,25126.0219274199,676.452192351606,MEDMR,2018-03-20T00:22:33.000Z,MEDMR,2019-09-10T20:56:55.000Z,https://www.maine.gov/dmr/aquaculture/leases/pending/documents/FOFDecsionEASTTB.pdf
5788,EAST TB,American oysters,A,S,"Bar Harbor Oyster Company, LLC.",Joanna Fogg and Jesse Walls,East of Israel Point,Thomas Bay,Bar Harbor,Hancock,2026-08-31T05:00:00.000Z,{7C5C6B32-C6F5-47F9-AAB1-7D42935112A4},15.82879507,64056.8610020053,1303.44937276395,MEDMR,2018-03-20T00:22:33.000Z,MEDMR,2019-09-10T20:56:55.000Z,https://www.maine.gov/dmr/aquaculture/leases/pending/documents/FOFDecsionEASTTB.pdf
5789,PEN ALx,Sea scallops,A,E,"Brewer, Robert",Robert Brewer,Southwest of Andrews Island,Penobscot Bay,Stonington,Hancock,2020-10-12T05:00:00.000Z,{85A37B39-DEBC-419C-A4C7-22B3B60A9FBD},3.23268986,13082.2317236761,661.502832783358,MEDMR,2018-03-20T00:26:34.000Z,MEDMR,2019-09-10T20:56:55.000Z,
5790,MEDO HIx,Oysters/quahogs,A,E,"Marsh, John",John Marsh/Community Shellfish,North of Hog Island,Medomak River,Bremen,Lincoln,2021-01-07T05:00:00.000Z,{A0658A65-3F77-400B-952D-67A0D70E3E57},2.58108269,10445.271067484,491.277517397599,MEDMR,2018-03-20T00:30:01.000Z,MEDMR,2019-09-10T20:56:55.000Z,https://www.maine.gov/dmr/aquaculture/leases/decisions/documents/EXECUTEDDecisionMEDOHIx.pdf
5791,PEN FIx,Blue Mussels,A,E,Islesboro Marine Enterprises,Shey Conover,Northeast of Flat Island,Penobscot Bay,Islesboro,Waldo,2021-02-28T05:00:00.000Z,{8227292E-3428-4E15-8769-09A5113D72F7},4.02744801,16298.5038249644,513.795711686326,MEDMR,2018-03-20T00:33:13.000Z,MEDMR,2019-09-10T20:56:55.000Z,https://www.maine.gov/dmr/aquaculture/leases/decisions/documents/EXECUTEDDECISIONPENFIx.pdf
5792,DAM GL2,American oysters,A,S,Pemaquid Oyster Company Inc.,Christopher Davis,West of Goose Ledges,Damariscotta River,Newcastle,Lincoln,2023-02-18T05:00:00.000Z,{DEFF0574-113E-4AA1-A2AA-5FABA2C75B1A},0.9078017,3673.74313131469,303.941857014077,MEDMR,2018-04-05T00:22:57.000Z,MEDMR,2019-09-10T20:56:55.000Z,https://www.maine.gov/dmr/aquaculture/leases/decisions/documents/2014FOFRenewalDecisionDAMGL2.pdf
5793,CAS CHANx,Marine algae,A,E,"Great Ledge Cove Seafood, LLC.",Justin Papkee,Northeast of Little Chebeague Island,Casco Bay,Chebeague Island,Cumberland,2021-05-31T05:00:00.000Z,{EE195D88-E688-4D99-B18E-1CE6F7A02630},3.57120165,14452.1403389709,783.945573002399,MEDMR,2018-09-05T22:53:49.000Z,MEDMR,2019-09-10T20:56:55.000Z,https://www.maine.gov/dmr/aquaculture/leases/decisions/documents/EXECUTEDFINALDECISIONGreatLedgeCoveSeafood_000.pdf
5794,DAM GPx,American oysters,A,E,"George F. Faux, Inc.",George F. Faux,Northeast of Glidden Point,Damariscotta River,Newcastle,Lincoln,2021-04-14T05:00:00.000Z,{6E250480-429A-48CC-A7FC-3C24FEC46D06},0.56896465,2302.51826105985,228.061777558487,MEDMR,2018-09-05T23:00:15.000Z,MEDMR,2019-09-10T20:56:55.000Z,https://www.maine.gov/dmr/aquaculture/leases/decisions/documents/ExecutedDecision-FauxGeorge.pdf
5795,TAUN SB,American oysters,A,S,"Taunton Bay Oyster Company, Inc.",Michael Briggs,,Taunton Bay,Hancock,Hancock,2028-01-22T05:00:00.000Z,{16DA0329-3F79-45D7-93D4-B0A786989580},5.07260497,20528.104001008,789.021453499975,MEDMR,2018-09-05T23:05:55.000Z,MEDMR,2019-09-10T20:56:55.000Z,https://www.maine.gov/dmr/aquaculture/leases/decisions/documents/EXECUTEDDecisionTAUNSB.pdf
5796,DAM CC3x,Marine algae,A,E,"Maine Fresh Sea Farms, LLC.",Seth Barker,Clark Cove,Damariscotta River,South Bristol,Lincoln,2020-09-05T05:00:00.000Z,{E64794B7-EB2C-4C9F-A110-E15AEB003A71},3.61587291,14632.9185224306,593.770174617528,MEDMR,2018-09-05T23:12:52.000Z,MEDMR,2019-09-10T20:56:55.000Z,https://www.maine.gov/dmr/aquaculture/leases/decisions/documents/MEFresh2016-02-E-FINALDECISIONExecuted.pdf
5797,SAS PIx,American oysters,A,E,"Gaffney, Michael and Mark",Michael and Mark Gaffney,"North of Phoebe Island, Robinhood Cove",Sasanoa River,Georgetown,Sagadahoc,2021-06-11T05:00:00.000Z,{D6C5B671-8EC3-4473-94CF-FBD3268454AA},3.99127941,16152.134709695,559.278257689636,MEDMR,2018-09-05T23:18:55.000Z,MEDMR,2019-09-10T20:56:55.000Z,https://www.maine.gov/dmr/aquaculture/leases/decisions/documents/EXECUTEDDecision-GaffneyMichael-Mark.pdf
5798,SAS RC,American oysters,A,S,"Georgetown Island Oyster Company, Inc.",Joshua Stoll,"North of Birch Island, Robinhood Cove",Sasanoa River,Georgetown,Sagadahoc,2028-02-14T05:00:00.000Z,{F3A17A6F-C94E-441B-9C8C-17E54BCA984C},0.45332569,1834.54397300021,181.914903519145,MEDMR,2018-09-05T23:23:04.000Z,MEDMR,2019-09-10T20:56:55.000Z,https://www.maine.gov/dmr/aquaculture/leases/decisions/documents/EXECUTEDFINALDECISION.pdf
5801,BHB HI,Blue mussels,T,S,"Young, Evan",Evan Young,East of Hardwood Island,Blue Hill Bay,Tremont,Hancock,2025-07-24T05:00:00.000Z,{337C11F6-62AB-4B1C-9384-6DC68B002C18},2.31537431,9369.98741424938,427.701981709618,MEDMR,2018-09-06T00:16:54.000Z,MEDMR,2019-02-15T23:34:32.000Z,
5802,BHB HI3,Blue mussels,A,S,"Young, Evan",Evan Young,East of Hardwood Island,Blue Hill Bay,Tremont,Hancock,2025-07-24T05:00:00.000Z,{E07F8348-EDDF-447C-B897-2EF419944799},0.58197002,2355.14911885311,198.893464388293,MEDMR,2018-09-06T00:16:54.000Z,MEDMR,2019-09-10T20:56:55.000Z,https://www.maine.gov/dmr/aquaculture/leases/decisions/documents/FINAL.decision6-19-18.pdf
5804,BHB HI3,Blue mussels,A,S,"Young, Evan",Evan Young,East of Hardwood Island,Blue Hill Bay,Tremont,Hancock,2025-07-24T05:00:00.000Z,{2824FEE3-F0F4-4955-868A-15F47E172BF8},2.31537431,9369.98741424938,427.701981709618,MEDMR,2018-09-06T00:21:05.000Z,MEDMR,2019-09-10T20:56:55.000Z,https://www.maine.gov/dmr/aquaculture/leases/decisions/documents/FINAL.decision6-19-18.pdf
5806,DAM DP,American oysters,A,S,"Muscongus Bay Aquaculture, Inc.",Antonina Simmons,Dodge Point,Damariscotta River,Newcastle,Lincoln,2026-07-18T05:00:00.000Z,{12640459-AF84-4CB2-98EB-D4042E8511FC},6.52933354,26423.2753808913,890.97648710953,MEDMR,2018-09-11T18:46:19.000Z,MEDMR,2019-09-10T20:56:55.000Z,https://www.maine.gov/dmr/aquaculture/leases/decisions/documents/FOFDecisionExecuted_000.pdf
5807,DAM GL4,American oysters,A,S,Pemaquid Oyster Company Inc.,Christopher Davis,Goose Ledges,Damariscotta River,Newcastle,Lincoln,2028-07-09T05:00:00.000Z,{1F6333C6-A3BB-440B-879F-0837098FD405},1.77803275,7195.44326786298,350.524258482062,MEDMR,2019-01-31T23:40:25.000Z,MEDMR,2019-09-10T20:56:55.000Z,https://www.maine.gov/dmr/aquaculture/leases/decisions/documents/ExecutedDecisionDAMGL4.pdf
5808,DAM GL4,American oysters,A,S,Pemaquid Oyster Company Inc.,Christopher Davis,Goose Ledges,Damariscotta River,Newcastle/Damariscotta,Lincoln,2028-07-09T05:00:00.000Z,{9BC7EC2B-46C3-417A-B01B-65761674B0CE},6.30140359,25500.8755901008,1299.78312689451,MEDMR,2019-01-31T23:40:30.000Z,MEDMR,2019-09-10T20:56:55.000Z,https://www.maine.gov/dmr/aquaculture/leases/decisions/documents/ExecutedDecisionDAMGL4.pdf
6207,SHE BIx,Marine algae,A,E,"Brewer, Jodi M.",Jodi Brewer,West of Boston Island,Sheepscot River,Southport,Lincoln,2021-07-15T05:00:00.000Z,{B8A8A0BF-52D4-42A0-8D8B-3D8CD3F9AD77},3.98000002,16107.8069304893,956.778484770953,MEDMR,2019-02-01T01:10:50.000Z,MEDMR,2019-09-10T20:56:55.000Z,https://www.maine.gov/dmr/aquaculture/leases/decisions/documents/EXECUTEDDecisionSHEBIx.pdf
6208,MID GIx,American oysters,A,E,"Love Point Oysters, LLC.",Ben Hamilton,Southeast of Upper Goose Island,Middle Bay,Harpswell,Cumberland,2021-08-13T05:00:00.000Z,{D014936E-E70B-4B1D-AE9D-473E31B44682},2.85929666,11571.1620950915,458.724095604623,MEDMR,2019-02-15T23:02:44.000Z,MEDMR,2019-09-10T20:56:55.000Z,https://www.maine.gov/dmr/aquaculture/leases/decisions/documents/EXECUTEDDecisionMIDGIx.pdf
6209,CAS SI,Sea scallops/blue mussels,A,S,"The Maine Scallop Company, LLC.",Peter Stocks,East of Sturdivant Island,Casco Bay,Cumberland,Cumberland,2028-10-14T05:00:00.000Z,{0230BA2F-2B9A-4558-BBDF-D3652C381C37},5.35957537,21689.432025904,605.894247141089,MEDMR,2019-02-15T23:23:18.000Z,MEDMR,2019-09-10T20:56:55.000Z,https://www.maine.gov/dmr/aquaculture/leases/decisions/documents/EXECUTEDDecison-MaineScallop.pdf
6210,SCAR NRx,American oysters,A,E,"Hassler, Matthew and Robert Willette",Matthew Hassler,Nonesuch,Scarborough River,Scarborough,Cumberland,2021-11-22T05:00:00.000Z,{90E9C6DE-4817-43A9-8712-672E2D521BB0},1.3380617,5414.94357704881,532.811296795868,MEDMR,2019-09-10T18:13:04.000Z,MEDMR,2019-09-10T20:56:55.000Z,https://www.maine.gov/dmr/aquaculture/leases/decisions/documents/EXECUTEDDecision-Noneswuch_HW.pdf
6211,SCAR NRx,American oysters,A,E,"Hassler, Matthew and Robert Willette",Matthew Hassler,Nonesuch,Scarborough River,Scarborough,Cumberland,2021-11-22T05:00:00.000Z,{8056A5AD-AC4F-4BEF-B090-688B89DE1E3E},1.88473724,7627.26101693431,583.754428324838,MEDMR,2019-09-10T18:13:04.000Z,MEDMR,2019-09-10T20:56:55.000Z,https://www.maine.gov/dmr/aquaculture/leases/decisions/documents/EXECUTEDDecision-Noneswuch_HW.pdf
6214,CAS NLC,American oysters,A,S,"Chebeague Island Oyster Company, LLC.",Robert Earnest,Northwest of Little Chebeague Island,Casco Bay,Chebeague Island,Cumberland,2039-04-28T05:00:00.000Z,{32A4C8CF-14A1-4C05-995D-9D87598CFF9D},1.96000004,7925.31307056339,478.145637275561,MEDMR,2019-09-10T18:21:33.000Z,MEDMR,2019-09-10T20:56:55.000Z,https://www.maine.gov/dmr/aquaculture/leases/decisions/documents/FINALExecutedDecision-CASNLC.pdf
6215,FREN STA2,Marine Algae,A,W,"Springtide Seaweed, LLC.",Sarah Redmond,Stave Island,Frenchman Bay,Gouldsboro,Hancock,2029-05-13T05:00:00.000Z,{66EC210D-F179-48EB-BD22-5EF28132DB92},20.0188509,81013.415333563,1141.1637975138,MEDMR,2019-09-10T18:25:06.000Z,MEDMR,2019-09-10T20:56:55.000Z,https://www.maine.gov/dmr/aquaculture/leases/decisions/documents/EXECUTEDDecision-FRENSTA2-Springtide.pdf
6216,PEN RIx,American oysters,A,E,"McCoy, Maude and James Balano",James Balano,East of Ram Island,Wheeler Bay,St. George,Knox,2022-03-31T05:00:00.000Z,{0F8C39A5-697A-44C4-8597-941790DD0F9B},1.07000005,4310.64002409371,363.339623966146,MEDMR,2019-09-10T18:31:08.000Z,MEDMR,2019-09-10T20:56:55.000Z,https://www.maine.gov/dmr/aquaculture/leases/decisions/documents/EXECUTEDDECISION-McCoyBalano.pdf
6217,PEN WBx,American oysters,A,E,"McCoy, Maude and James Balano",James Balano,Salt Pond,Wheeler Bay,St. George,Knox,2022-03-31T05:00:00.000Z,{9DBAD208-1BBC-4AE6-BD1C-D2DCDE2D64FC},1.98,8000.34144565713,397.096675370351,MEDMR,2019-09-10T18:42:59.000Z,MEDMR,2019-09-10T20:56:55.000Z,https://www.maine.gov/dmr/aquaculture/leases/decisions/documents/MccoyBalano_Wheeler_ExecutedFinalDecision.pdf
6218,SHE LE2x,American oysters,A,E,"Maine Oyster, Inc.",Eric Horne/Valy Steverlynck,Lehman Island,Sheepscot River,Newcastle,Lincoln,2021-04-22T05:00:00.000Z,{CF3F532D-E4D9-46C1-BD1C-5A997E806083},0.48361501,1957.11519862781,245.701291910608,MEDMR,2019-09-10T18:49:37.000Z,MEDMR,2019-09-10T20:56:55.000Z,https://www.maine.gov/dmr/aquaculture/leases/decisions/documents/MEOys.FINALDECISION.docx
6219,SHE LE2x,American oysters,A,E,"Maine Oyster, Inc.",Eric Horne/Valy Steverlynck,Lehman Island,Sheepscot River,Newcastle,Lincoln,2021-04-22T05:00:00.000Z,{488A0BAA-A513-4D3A-8689-71AE3F4551E8},1.07127005,4335.28060781141,459.956750454407,MEDMR,2019-09-10T18:49:37.000Z,MEDMR,2019-09-10T20:56:55.000Z,https://www.maine.gov/dmr/aquaculture/leases/decisions/documents/MEOys.FINALDECISION.docx
6220,SHE LE2,American oysters,E,S,"Maine Oyster, Inc.",Eric Horne/Valy Steverlynck,Lehman Island,Sheepscot River,Newcastle,Lincoln,2017-12-03T05:00:00.000Z,{58B76615-2AB8-4939-839C-05876287DA44},1.08140078,4376.2736837677,461.205860575136,MEDMR,2019-09-10T18:49:37.000Z,MEDMR,2019-09-10T18:49:37.000Z,
6221,SHE LE2,American oysters,E,S,"Maine Oyster, Inc.",Eric Horne/Valy Steverlynck,Lehman Island,Sheepscot River,Newcastle,Lincoln,2017-12-03T05:00:00.000Z,{912A7D8D-90C7-4D16-B460-8EAB508DCCF5},0.4894289,1980.64848661993,245.523732453523,MEDMR,2019-09-10T18:49:37.000Z,MEDMR,2019-09-10T18:49:37.000Z,
6222,CAS CIx,Marine algae,A,E,"Oceans Balance, Inc.",Tollef Olson,West of Cow Island,Casco Bay,Long Island,Cumberland,2021-11-14T05:00:00.000Z,{08E73806-880E-4F9B-8A93-8F891168C731},3.92854147,15898.2432751521,698.82044266813,MEDMR,2019-09-10T18:56:31.000Z,MEDMR,2019-09-10T20:56:55.000Z,https://www.maine.gov/dmr/aquaculture/leases/decisions/documents/EXECUTEDFinalDecision-Hunt.pdf
6223,WEB WH,American oysters,A,S,"Gott, Erin",Erin Gott,,Webhannet River,Wells,York,2028-08-19T05:00:00.000Z,{36CA9B9B-9D00-4525-AF7C-11E73E2EA1C1},0.1711691,692.696774791177,219.657701270664,MEDMR,2019-09-10T19:42:14.000Z,MEDMR,2019-09-10T20:56:55.000Z,https://www.maine.gov/dmr/aquaculture/leases/decisions/documents/EXECUTEDDecisionWEBWH.pdf
6224,WEB WH,American oysters,A,S,"Gott, Erin",Erin Gott,,Webhannet River,Wells,York,2028-08-19T05:00:00.000Z,{7C1F0974-7853-4AB8-8E5A-AC35EB82E56B},0.1483388,600.305841065933,223.654695450512,MEDMR,2019-09-10T19:42:14.000Z,MEDMR,2019-09-10T20:56:55.000Z,https://www.maine.gov/dmr/aquaculture/leases/decisions/documents/EXECUTEDDecisionWEBWH.pdf
6225,WEB WH,American oysters,A,S,"Gott, Erin",Erin Gott,,Webhannet River,Wells,York,2028-08-19T05:00:00.000Z,{C8F97E9C-8EEB-4F4A-8B87-9EAFA928FD4B},0.17969646,727.205771422495,218.84035842459,MEDMR,2019-09-10T19:42:14.000Z,MEDMR,2019-09-10T20:56:55.000Z,https://www.maine.gov/dmr/aquaculture/leases/decisions/documents/EXECUTEDDecisionWEBWH.pdf
6226,WEB WH,American oysters,A,S,"Gott, Erin",Erin Gott,,Webhannet River,Wells,York,2028-08-19T05:00:00.000Z,{A6A381B6-9149-4F6A-B033-4C15A3F59CC6},0.1981068,801.709781641525,221.923058419432,MEDMR,2019-09-10T19:42:14.000Z,MEDMR,2019-09-10T20:56:55.000Z,https://www.maine.gov/dmr/aquaculture/leases/decisions/documents/EXECUTEDDecisionWEBWH.pdf
6227,WEB WH,American oysters,A,S,"Gott, Erin",Erin Gott,,Webhannet River,Wells,York,2028-08-19T05:00:00.000Z,{929CF5DF-0C76-43E2-B506-7BDF2DD12700},1.15607372,4678.46436557422,1077.24036319022,MEDMR,2019-09-10T19:42:14.000Z,MEDMR,2019-09-10T20:56:55.000Z,https://www.maine.gov/dmr/aquaculture/leases/decisions/documents/EXECUTEDDecisionWEBWH.pdf
6610,CAS BC2,American oysters,A,S,"Basket Island Oyster Company, LLC.",Mark Green,Broad Cove,Casco Bay,Yarmouth,Cumberland,2027-10-01T05:00:00.000Z,{D779D934-83D8-4553-B69E-5A115B616015},3.59341605,14542.0388185332,659.41771173074,MEDMR,2019-09-10T20:10:26.000Z,MEDMR,2019-09-10T20:56:55.000Z,https://www.maine.gov/dmr/aquaculture/leases/pending/documents/ExecutedDecisionCASBC2.pdf
